25.258,49.682,3330.8,22.886,66.628,0,37.208,60.483,0.57472,0.57472
25.185,50.697,3331.7,22.866,66.614,0.035265,37.225,60.454,0.57472,0.57472
25.615,49.982,3332.3,22.798,66.596,-0.34143,37.197,60.547,0.57472,0.57825
25.437,49.154,3332.1,22.779,66.622,1.6378,37.251,60.554,0.57825,0.57825
25.284,52.268,3332.1,23.049,66.619,0.83803,37.268,60.593,0.57825,0.59861
25.286,49.372,3332.8,22.711,66.634,1.4209,37.26,60.664,0.59861,0.59861
25.343,49.499,3331.6,22.871,66.677,-0.056531,37.262,60.503,0.59861,0.59861
25.207,50.404,3331.9,22.906,66.628,0.17577,37.267,60.598,0.59861,0.57105
25.29,48.635,3332.9,22.972,66.676,0.014925,37.252,60.596,0.57105,0.57105
25.246,49.96,3332.6,22.887,66.669,0.80629,37.229,60.662,0.57105,0.55744
25.142,51.306,3332.5,22.888,66.645,0.13775,37.204,60.589,0.55744,0.55744
25.151,49.722,3332.1,22.886,66.672,0.81486,37.252,60.642,0.55744,0.55744
25.176,49.321,3330.5,22.983,66.65,2.5978,37.27,60.626,0.55744,0.57165
25.339,50.746,3328.3,22.997,66.642,-1.0557,37.296,60.692,0.57165,0.57165
25.202,49.551,3329.8,22.867,66.653,0.78349,37.339,60.834,0.57165,0.58484
25.236,49.467,3329.7,22.928,66.678,-0.092612,37.324,60.965,0.58484,0.58484
25.288,48.667,3329,23.006,66.803,-0.34866,37.315,60.53,0.58484,0.58484
25.313,51.077,3327.6,22.836,66.818,0.28788,37.305,60.711,0.58484,0.57547
25.309,50.542,3328.8,22.979,66.854,-1.3037,37.32,60.815,0.57547,0.57547
25.367,50.924,3329.2,22.899,66.864,1.6294,37.309,60.682,0.57547,0.56057
25.166,50.263,3331.4,23.022,66.844,-1.6841,37.328,61.019,0.56057,0.56057
25.607,50.951,3331.7,22.807,66.852,-1.5163,37.366,60.915,0.56057,0.56057
25.387,50.849,3332.5,22.653,66.89,-0.063021,37.364,61.029,0.56057,0.57181
25.23,51.037,3333.2,22.952,66.876,-1.1623,37.333,61.035,0.57181,0.57181
25.199,51.933,3332.9,22.932,66.898,-0.45611,37.38,60.862,0.57181,0.56353
25.506,51.077,3333.7,22.841,66.953,1.2275,37.384,61.005,0.56353,0.56353
25.506,52.327,3335.6,22.932,67.034,-0.67731,37.358,61.028,0.56353,0.56353
25.149,52.916,3335.8,23.029,67.043,-1.2265,37.309,61.155,0.56353,0.55373
25.528,51.531,3337.3,22.93,67.009,-0.12179,37.331,61.206,0.55373,0.55373
25.337,50.596,3340.3,22.782,67.016,-0.097146,37.274,61.259,0.55373,0.56807
25.213,52.475,3339.9,22.985,66.955,-0.53958,37.227,61.249,0.56807,0.56807
25.432,53.605,3340.6,22.95,66.894,-0.38375,37.215,61.252,0.56807,0.56807
25.126,54.965,3337.2,22.742,66.839,-1.4823,37.176,61.002,0.56807,0.55732
25.143,51.466,3332.9,22.875,66.811,-0.16404,37.162,60.994,0.55732,0.55732
25.139,51.386,3329.3,22.839,66.807,0.16342,37.157,60.866,0.55732,0.57353
25.056,52.166,3328.4,22.851,66.823,0.73568,37.135,60.91,0.57353,0.57353
25.331,53.377,3328.4,23.103,66.845,-1.6887,37.102,60.819,0.57353,0.57353
25.154,51.611,3329.3,23.032,66.797,0.029125,37.044,61.078,0.57353,0.56797
25.137,51.342,3330.6,22.931,66.752,0.94815,37.087,61.091,0.56797,0.56797
24.897,52.094,3333.9,22.798,66.714,-0.47489,37.038,60.962,0.56797,0.55716
24.957,52.081,3336.2,22.858,66.651,-0.61223,36.973,60.714,0.55716,0.55716
25.027,52.378,3339.4,22.924,66.567,-0.25857,36.967,60.562,0.55716,0.55716
25.176,52.539,3340,22.771,66.417,1.7142,36.907,60.45,0.55716,0.55505
25.017,52.774,3343.6,23.029,66.286,0.40594,36.901,60.489,0.55505,0.55505
24.956,51.779,3343.7,22.934,66.205,-0.11698,36.893,60.288,0.55505,0.55856
25.166,52.389,3342.9,22.937,66.118,1.1391,36.873,60.107,0.55856,0.55856
24.893,52.014,3341.9,22.935,66.053,0.26175,36.849,59.963,0.55856,0.55856
25.06,50.953,3338.7,23.016,65.958,-1.366,36.82,59.804,0.55856,0.57926
24.853,50.848,3336.1,22.833,65.92,0.3668,36.799,59.827,0.57926,0.57926
25.062,48.876,3330.1,22.885,65.881,0.047663,36.85,59.687,0.57926,0.59734
24.975,48.013,3322.6,22.842,65.872,1.243,36.886,59.583,0.59734,0.59734
24.898,47.738,3316.3,22.993,65.902,1.0392,36.906,59.477,0.59734,0.59734
25.122,45.605,3312.6,22.656,65.967,1.8361,36.959,59.555,0.59734,0.61566
25.149,46.474,3311.2,22.791,66.007,-1.0431,36.991,59.526,0.61566,0.61566
25.108,47.595,3314.8,22.745,66.053,1.1599,37.044,59.507,0.61566,0.62338
24.857,44.345,3318.8,22.953,66.035,0.34002,37.062,59.682,0.62338,0.62338
25.27,44.998,3325.8,22.853,66.01,0.62267,37.128,59.566,0.62338,0.62338
25.495,44.094,3331.2,23.017,65.98,1.939,37.169,59.544,0.62338,0.6311
25.252,45.244,3335.8,22.663,65.914,-0.64275,37.208,59.485,0.6311,0.6311
25.228,44.93,3336.5,22.767,65.807,-0.98042,37.235,59.366,0.6311,0.62395
24.993,43.871,3339.5,23.01,65.763,1.7982,37.246,59.456,0.62395,0.62395
25.156,44.883,3340.4,22.744,65.752,-0.29795,37.271,59.336,0.62395,0.62395
25.046,43.01,3337.7,22.723,65.725,1.5521,37.29,59.246,0.62395,0.62827
25.495,45.21,3334.7,23.022,65.702,1.1237,37.354,59.26,0.62827,0.62827
25.387,44.448,3330.3,22.897,65.738,-0.5227,37.441,59.428,0.62827,0.65021
25.419,42.028,3326.5,23.123,65.805,-0.059039,37.509,59.392,0.65021,0.65021
25.486,42.231,3323.8,22.729,65.922,1.5657,37.541,59.417,0.65021,0.65021
25.433,42.206,3324.4,22.876,66.033,-0.86722,37.583,59.567,0.65021,0.63295
25.562,43.475,3325.3,22.82,66.164,1.2245,37.675,59.796,0.63295,0.63295
25.454,43.137,3327.1,22.872,66.277,0.29413,37.722,59.764,0.63295,0.63911
25.825,44.398,3332.2,22.95,66.411,0.60298,37.72,60.048,0.63911,0.63911
25.699,45.412,3334.4,22.923,66.509,-1.0133,37.704,59.99,0.63911,0.63911
25.613,46.109,3334.6,22.751,66.577,-0.28121,37.71,59.89,0.63911,0.61513
25.829,47.628,3337.3,22.855,66.61,-1.5898,37.746,60.04,0.61513,0.61513
25.466,48.454,3340.3,22.912,66.611,0.83919,37.703,60.298,0.61513,0.6015
25.673,49.846,3340.9,23.032,66.641,0.64878,37.638,60.088,0.6015,0.6015
25.388,49.838,3338.7,22.885,66.654,1.1187,37.619,60.035,0.6015,0.6015
25.691,50.478,3340.9,22.822,66.673,1.6253,37.559,60.146,0.6015,0.59298
25.518,51.026,3340.5,22.926,66.612,-2.2684,37.545,60.24,0.59298,0.59298
25.486,51.981,3339.5,22.95,66.626,-1.0311,37.459,59.896,0.59298,0.61258
25.4,50.711,3337.6,22.837,66.585,-0.35284,37.397,60.071,0.61258,0.61258
25.43,51.214,3334.8,22.759,66.632,-1.7922,37.42,60.057,0.61258,0.61258
25.468,49.201,3333.2,22.808,66.648,-0.35656,37.389,59.945,0.61258,0.59683
25.297,48.307,3330,22.8,66.698,1.7614,37.38,59.976,0.59683,0.59683
25.33,52.017,3328.3,23.095,66.741,-0.39063,37.338,59.949,0.59683,0.60369
25.243,49.052,3326.8,22.994,66.809,2.3536,37.299,59.943,0.60369,0.60369
25.346,51.904,3328,22.697,66.849,-0.73967,37.275,60.137,0.60369,0.60369
25.282,52.305,3329.1,22.827,66.868,0.27129,37.262,60.347,0.60369,0.58817
25.353,50.559,3330.2,23.022,66.876,-0.07442,37.265,60.336,0.58817,0.58817
25.307,51.481,3332,23.012,66.866,1.3459,37.234,60.421,0.58817,0.59458
25.297,51.345,3332.9,23.047,66.832,-0.43722,37.206,60.342,0.59458,0.59458
25.281,51,3333.5,23.079,66.784,-1.7448,37.212,60.477,0.59458,0.59458
25.091,49.901,3332.9,22.821,66.787,1.3277,37.156,60.315,0.59458,0.58344
25.191,52.776,3331.5,22.61,66.704,-1.0692,37.15,60.274,0.58344,0.58344
25.264,51.969,3332.3,22.985,66.713,-0.29791,37.232,60.462,0.58344,0.59322
25.343,49.954,3332.7,23.006,66.704,-1.2502,37.177,60.287,0.59322,0.59322
25.383,52.758,3332.4,22.9,66.714,0.62206,37.163,60.46,0.59322,0.59322
25.236,49.501,3333.4,22.788,66.761,1.5719,37.161,60.421,0.59322,0.5676
25.432,49.739,3333.2,22.951,66.791,-0.82784,37.156,60.371,0.5676,0.5676
25.305,51.008,3332.4,22.945,66.75,-1.0717,37.15,60.377,0.5676,0.58021
25.47,52.489,3333.5,22.97,66.722,0.33923,37.158,60.428,0.58021,0.58021
25.303,53.305,3334.3,22.86,66.736,0.39789,37.153,60.406,0.58021,0.58021
25.082,50.508,3334.2,23.068,66.675,-0.16386,37.121,60.289,0.58021,0.57997
25.069,52.906,3334.1,22.945,66.612,-1.2301,37.115,60.333,0.57997,0.57997
25.07,50.933,3333.9,22.927,66.603,0.07145,37.095,60.105,0.57997,0.5814
25.227,50.609,3331.4,22.981,66.609,-0.84488,37.066,60.047,0.5814,0.5814
25.265,51.257,3330,22.862,66.581,-1.2723,37.112,60.201,0.5814,0.5814
24.962,49.98,3328.9,22.971,66.568,1.4805,37.098,59.923,0.5814,0.57544
24.934,51.802,3328.2,22.79,66.57,-1.4201,37.109,60.006,0.57544,0.57544
25.012,50.679,3329,22.909,66.539,-0.36455,37.101,59.951,0.57544,0.5926
25.198,49.86,3332.1,22.88,66.531,0.20911,37.12,60.12,0.5926,0.5926
25.293,52.703,3335.5,23,66.462,-1.3395,37.116,60.134,0.5926,0.5926
25.174,48.703,3337.8,22.855,66.431,0.97858,37.101,59.995,0.5926,0.59115
25.236,50.041,3339.1,22.675,66.381,0.17177,37.11,59.916,0.59115,0.59115
25.217,50.034,3339.1,22.837,66.373,1.4028,37.07,59.829,0.59115,0.59806
25.126,47.908,3340,22.969,66.349,0.097378,37.083,59.787,0.59806,0.59806
25.127,51.3,3339.2,22.857,66.316,0.17124,37.082,59.571,0.59806,0.59806
25.232,49.667,3337,23.033,66.331,0.53016,37.088,59.469,0.59806,0.59227
25.083,50.073,3334.3,22.92,66.317,-0.8429,37.06,59.475,0.59227,0.59227
25.178,51.412,3331.7,22.687,66.325,0.38689,37.042,59.455,0.59227,0.58702
25.113,50.108,3329.2,22.911,66.365,0.72903,37.05,59.416,0.58702,0.58702
24.742,49.433,3327.1,22.961,66.338,0.85361,37.05,59.482,0.58702,0.58702
25.257,47.075,3325.1,22.884,66.407,-1.2268,37.062,59.176,0.58702,0.61519
25.21,47.974,3325.1,22.815,66.464,0.61835,37.079,59.401,0.61519,0.61519
25.343,47.521,3325,22.865,66.463,-0.84362,37.08,59.246,0.61519,0.63619
24.964,48.845,3327.4,22.916,66.481,-2.384,37.083,59.246,0.63619,0.63619
25.009,50.721,3329.6,22.659,66.454,-0.77682,37.051,59.199,0.63619,0.63619
25.225,47.632,3331.5,22.725,66.407,-2.1171,37.069,59.297,0.63619,0.60414
25.3,48.021,3330.8,22.918,66.355,1.1646,37.093,59.128,0.60414,0.60414
25.248,46.45,3329.7,22.844,66.344,1.7914,37.113,59.067,0.60414,0.62242
24.968,48.285,3329.9,23.066,66.313,-0.5117,37.117,58.98,0.62242,0.62242
25.029,48.692,3326.7,22.834,66.294,-0.18893,37.111,59.003,0.62242,0.62242
25.155,48.292,3326.7,22.684,66.325,0.84294,37.122,59.098,0.62242,0.5926
25.271,47.911,3322.3,22.669,66.323,-1.1315,37.192,58.753,0.5926,0.5926
25.352,47.372,3318.4,22.765,66.354,2.5114,37.251,58.787,0.5926,0.59388
25.328,46.302,3315.7,22.785,66.428,0.65318,37.367,58.782,0.59388,0.59388
25.236,46.962,3316.5,22.851,66.521,0.95888,37.389,59.001,0.59388,0.59388
25.607,45.707,3318,22.737,66.653,-0.28214,37.459,58.954,0.59388,0.60003
25.528,46.573,3320.9,22.787,66.766,-1.7715,37.514,59.156,0.60003,0.60003
25.699,46.649,3324.7,22.911,66.874,-0.91929,37.583,59.323,0.60003,0.59517
25.5,47.819,3328.6,22.938,66.945,0.88752,37.632,59.599,0.59517,0.59517
25.492,47.368,3331.2,22.755,67.064,1.1282,37.633,59.441,0.59517,0.59517
25.453,50.083,3332.9,22.903,67.099,-0.62072,37.659,59.49,0.59517,0.58967
25.726,51.892,3335.1,22.802,67.161,-1.2166,37.617,59.577,0.58967,0.58967
25.474,52.465,3337.4,22.888,67.141,1.5304,37.608,59.559,0.58967,0.57829
25.64,50.77,3337.6,22.98,67.174,-1.5914,37.542,59.44,0.57829,0.57829
25.413,54.808,3338.2,22.857,67.093,-1.365,37.528,59.462,0.57829,0.57829
25.662,54.597,3340.1,22.796,67.051,1.6155,37.498,59.504,0.57829,0.57788
25.385,54.684,3340.3,22.957,67.056,-0.84762,37.469,59.459,0.57788,0.57788
25.479,54.747,3335.9,22.945,67.03,1.927,37.416,59.364,0.57788,0.5625
25.549,54.823,3335.2,22.981,67.034,-0.5432,37.45,59.291,0.5625,0.5625
25.289,54.654,3333,22.827,67.04,-1.233,37.428,59.283,0.5625,0.5625
25.332,52.534,3332.4,23.149,67.024,-1.198,37.41,59.3,0.5625,0.58013
25.233,53.028,3331.6,22.98,67.111,1.5717,37.365,59.445,0.58013,0.58013
25.288,57.068,3331.5,22.965,67.16,-0.7677,37.383,59.297,0.58013,0.56532
25.126,55.789,3330.9,23.11,67.176,2.1362,37.355,59.367,0.56532,0.56532
25.276,54.475,3331.4,22.901,67.194,0.44594,37.332,59.399,0.56532,0.56532
25.422,55.845,3329.8,22.769,67.224,0.11248,37.333,59.244,0.56532,0.57331
25.359,57.055,3329.2,22.991,67.281,0.59516,37.297,59.291,0.57331,0.57331
25.386,55.091,3329.8,22.998,67.279,-3.6734,37.285,59.404,0.57331,0.55125
25.236,55.656,3331.5,22.966,67.273,-0.13228,37.273,59.521,0.55125,0.55125
25.325,55.911,3331.2,22.872,67.267,2.936,37.254,59.301,0.55125,0.55125
25.286,54.726,3331.1,22.863,67.308,-1.5878,37.241,59.27,0.55125,0.56648
25.109,56.645,3332.8,22.833,67.317,0.6247,37.218,59.359,0.56648,0.56648
25.172,55.821,3334.1,22.971,67.309,0.3174,37.18,59.408,0.56648,0.56801
25.231,57.065,3334.5,22.921,67.28,-0.18157,37.182,59.577,0.56801,0.56801
25.157,57.641,3334.3,22.996,67.262,-1.8922,37.158,59.438,0.56801,0.56801
25.132,55.636,3334,23.081,67.309,-1.1086,37.156,59.452,0.56801,0.54149
25.233,54.887,3334.3,23.096,67.253,0.14794,37.147,59.521,0.54149,0.54149
25.114,56.79,3332.8,23,67.211,1.6318,37.093,59.482,0.54149,0.54741
25.275,58.605,3335.6,22.867,67.206,0.95982,37.029,59.368,0.54741,0.54741
25.16,56.092,3336.4,23.223,67.146,1.1405,37.027,59.414,0.54741,0.54741
25.262,56.986,3336.6,22.896,67.101,0.14771,36.991,59.306,0.54741,0.56702
25.196,55.282,3335.4,23.006,67.064,0.11702,36.983,59.089,0.56702,0.56702
24.988,55.856,3337.8,22.977,67.024,-0.68474,36.916,59.092,0.56702,0.55156
24.867,56.109,3337.9,22.926,66.966,-2.7574,36.921,59.167,0.55156,0.55156
25.166,56.16,3335.7,22.717,66.898,-0.11838,36.891,59.015,0.55156,0.55156
25.08,56.376,3334.4,22.851,66.886,-1.2777,36.893,58.89,0.55156,0.55279
25.001,55.414,3331.1,23.208,66.837,-0.356,36.898,58.819,0.55279,0.55279
24.947,54.537,3329.3,22.885,66.806,-2.0736,36.869,58.721,0.55279,0.5651
25.121,53.453,3328,22.902,66.828,-0.9847,36.901,58.753,0.5651,0.5651
25.104,51.41,3328.3,23.043,66.836,-1.8403,36.909,58.784,0.5651,0.5651
25.152,50.325,3328,22.725,66.833,-1.15,36.924,58.864,0.5651,0.58943
24.93,51.328,3330.9,22.733,66.835,1.2293,36.918,59.099,0.58943,0.58943
25.223,51.818,3330.2,22.75,66.815,-0.3249,36.94,58.764,0.58943,0.56884
25.253,49.948,3331.2,22.896,66.797,-0.68024,36.936,58.928,0.56884,0.56884
24.863,49.274,3330.3,22.707,66.819,-0.46307,36.956,58.745,0.56884,0.56884
24.944,47.785,3327.6,22.842,66.818,0.083227,36.975,58.871,0.56884,0.57498
25.065,47.274,3324.5,23.043,66.797,0.15874,37.004,58.835,0.57498,0.57498
25.256,47.387,3324.9,22.866,66.864,-2.3108,37.067,58.985,0.57498,0.59429
25.161,46.427,3324.9,22.928,66.884,0.93923,37.095,59.025,0.59429,0.59429
25.301,48.228,3325.3,22.763,66.928,0.2492,37.184,59.133,0.59429,0.59429
25.224,48.711,3327.7,22.78,67.019,0.61809,37.182,59.241,0.59429,0.59761
25.236,44.099,3329,22.86,67.09,1.641,37.283,59.421,0.59761,0.59761
25.32,45.441,3332.6,22.927,67.199,0.080934,37.299,59.574,0.59761,0.56591
25.205,47.977,3335.4,22.746,67.311,1.5548,37.333,59.702,0.56591,0.56591
25.493,44.154,3339.4,22.805,67.402,1.072,37.405,60.026,0.56591,0.56591
25.743,48.805,3339.5,22.729,67.528,2.0483,37.408,60.083,0.56591,0.56305
25.342,47.286,3341,23.014,67.593,1.7314,37.411,60.426,0.56305,0.56305
25.458,48.524,3341.2,23.013,67.703,-0.20101,37.399,60.462,0.56305,0.55362
25.402,47.532,3337.9,22.761,67.844,-0.32748,37.375,60.301,0.55362,0.55362
25.558,46.056,3335.9,22.862,67.959,-2.099,37.362,60.514,0.55362,0.55362
25.489,48.379,3333.7,22.972,68.051,0.072411,37.292,60.575,0.55362,0.55134
25.577,48.228,3332.4,22.814,68.079,1.3873,37.283,60.719,0.55134,0.55134
25.284,47.223,3334.1,22.471,68.176,0.87373,37.229,60.858,0.55134,0.52591
25.303,48.339,3334.7,22.946,68.232,1.5789,37.221,60.854,0.52591,0.52591
25.231,47.242,3337.3,22.932,68.276,0.026188,37.189,61.218,0.52591,0.52591
25.154,47.037,3338.1,23.075,68.293,-0.97575,37.088,61.436,0.52591,0.53613
25.297,49.198,3335.8,23.129,68.251,1.5473,36.997,61.604,0.53613,0.53613
25.26,48.194,3331.2,22.712,68.25,0.33756,36.956,61.62,0.53613,0.50719
25.206,47.943,3324.6,22.804,68.169,1.6413,36.879,61.706,0.50719,0.50719
24.927,49.603,3320.6,22.947,68.038,-0.62645,36.819,61.762,0.50719,0.50719
25.21,47.483,3319.6,22.861,67.882,-0.10013,36.76,61.724,0.50719,0.52524
24.965,49.251,3319.5,22.825,67.716,0.19604,36.713,61.599,0.52524,0.52524
24.998,49.389,3321.1,22.807,67.502,0.93921,36.675,61.472,0.52524,0.51087
24.934,47.331,3325.6,22.965,67.306,-0.71945,36.685,61.335,0.51087,0.51087
24.989,46.576,3330.2,22.689,67.089,0.63204,36.675,61.294,0.51087,0.51087
24.941,48.25,3333.7,22.987,66.854,1.1204,36.719,61.168,0.51087,0.50877
24.759,47.365,3339.1,23.087,66.652,-2.9566,36.721,61.177,0.50877,0.50877
24.982,47.419,3340.2,22.935,66.463,0.76297,36.749,60.94,0.50877,0.54268
25.013,47.558,3342,22.737,66.305,-0.30813,36.824,61.059,0.54268,0.54268
25.046,46.182,3343.9,22.933,66.165,-0.82096,36.881,61.131,0.54268,0.54268
25.021,46.338,3342.8,22.93,66.085,0.24624,36.933,60.836,0.54268,0.55266
25.102,43.66,3339,22.974,65.996,0.3226,37.005,60.908,0.55266,0.55266
25.082,44.385,3338.6,22.725,65.992,-0.60982,37.086,61.1,0.55266,0.58338
25.263,44.629,3334.9,22.782,65.995,-0.66332,37.114,60.985,0.58338,0.58338
25.161,45.032,3332.3,22.864,66.083,0.23411,37.167,60.983,0.58338,0.58338
25.116,44.147,3326.4,22.753,66.138,-0.6163,37.214,60.788,0.58338,0.58695
25.314,45.014,3324.9,22.909,66.172,0.6841,37.311,60.979,0.58695,0.58695
25.169,46.706,3322.2,22.781,66.287,0.19115,37.298,60.734,0.58695,0.5928
25.71,45.186,3322.7,22.769,66.332,1.4736,37.34,61.07,0.5928,0.5928
25.277,44.206,3324.6,22.706,66.376,-1.0133,37.357,61.026,0.5928,0.5928
25.41,44.812,3326.6,22.846,66.38,-0.10941,37.394,61.017,0.5928,0.59547
25.327,45.349,3328.8,22.884,66.343,2.3359,37.384,61.036,0.59547,0.59547
25.386,47.367,3331.8,22.804,66.321,0.65993,37.377,61.027,0.59547,0.59425
25.225,48.476,3334.7,22.969,66.265,-1.9357,37.331,60.893,0.59425,0.59425
25.256,47.548,3334.8,22.737,66.193,1.3648,37.361,60.742,0.59425,0.59425
25.494,48.502,3335.7,22.933,66.132,2.4545,37.384,60.738,0.59425,0.58123
25.46,48.53,3333,22.71,66.078,-0.16356,37.37,60.573,0.58123,0.58123
25.432,47.959,3329.7,22.783,66.02,-1.6219,37.408,60.619,0.58123,0.59486
25.271,45.852,3327,22.955,66.042,-1.4361,37.42,60.346,0.59486,0.59486
25.237,49.385,3324.5,22.974,66.021,0.38192,37.467,60.44,0.59486,0.59486
25.205,47.634,3325,22.945,66.049,-1.8909,37.49,60.389,0.59486,0.603
25.718,48.24,3326,22.765,66.033,0.063753,37.532,60.612,0.603,0.603
25.294,49.685,3327.2,22.867,66.066,-1.4606,37.542,60.357,0.603,0.59675
25.532,48.518,3326.5,22.746,66.097,1.5839,37.596,60.403,0.59675,0.59675
25.54,48.075,3326.4,22.796,66.119,1.6823,37.621,60.255,0.59675,0.59675
25.271,49.007,3328.1,22.989,66.146,-0.85682,37.664,60.445,0.59675,0.59501
25.417,49.152,3328,22.863,66.153,-1.3498,37.704,60.44,0.59501,0.59501
25.614,50.371,3328.8,22.961,66.206,0.66715,37.716,60.273,0.59501,0.6074
25.608,49.335,3328.4,22.944,66.201,-0.51875,37.764,60.506,0.6074,0.6074
25.636,49.327,3327.2,22.742,66.257,1.1218,37.817,60.448,0.6074,0.6074
25.521,50.72,3330.9,22.987,66.356,0.4504,37.843,60.672,0.6074,0.59622
25.887,52.253,3332.5,23.079,66.406,1.6211,37.862,60.622,0.59622,0.59622
25.879,49.874,3333.9,22.823,66.491,0.23672,37.89,60.816,0.59622,0.58625
25.848,53.166,3337,22.898,66.595,1.0578,37.88,60.88,0.58625,0.58625
25.633,52.913,3338.7,23.16,66.684,-0.65645,37.918,61.03,0.58625,0.58625
25.686,53.501,3340.7,22.929,66.76,0.16523,37.903,61.258,0.58625,0.59615
25.828,53.934,3341.1,23.054,66.832,-0.40262,37.861,61.341,0.59615,0.59615
25.715,54.452,3342.1,22.891,66.951,-1.6936,37.867,61.178,0.59615,0.58055
25.693,54.377,3340.4,23.042,67.078,0.31953,37.796,61.205,0.58055,0.58055
25.666,56.035,3338.9,22.85,67.118,0.77906,37.786,61.439,0.58055,0.58055
25.725,57.267,3339,22.877,67.177,0.35025,37.727,61.315,0.58055,0.5472
25.389,60.627,3337.5,22.956,67.207,0.63923,37.61,61.595,0.5472,0.5472
25.637,56.94,3335.9,23.069,67.227,-0.10438,37.552,61.457,0.5472,0.5461
25.473,57.984,3334.3,23.053,67.19,-0.18453,37.47,61.43,0.5461,0.5461
25.409,58.869,3332.8,23.048,67.158,-0.64167,37.417,61.339,0.5461,0.5461
25.422,59.047,3333.4,22.998,67.168,-1.7737,37.353,61.384,0.5461,0.55322
25.334,57.175,3331.4,22.934,67.163,1.5941,37.293,61.326,0.55322,0.55322
25.414,56.788,3333.3,22.922,67.135,-0.88469,37.24,61.491,0.55322,0.54826
25.08,56.231,3334.9,23.105,67.12,1.0852,37.183,61.568,0.54826,0.54826
25.428,56.753,3335,22.948,67.081,-1.0692,37.126,61.589,0.54826,0.54826
25.265,57.426,3335.5,23.063,67.077,0.12369,37.116,61.707,0.54826,0.55358
25.272,56.231,3337,22.877,67.034,-0.95242,37.086,61.839,0.55358,0.55358
25.284,56.761,3335.9,22.877,67.06,-0.91449,37.096,61.802,0.55358,0.54723
25.251,55.507,3335.3,23.031,67.042,1.1397,37.069,61.93,0.54723,0.54723
25.149,52.895,3337.6,22.972,67.058,-0.71085,37.088,62.038,0.54723,0.54723
24.971,52.969,3336,22.887,67.08,0.73279,37.06,62.082,0.54723,0.56079
25.352,52.362,3335.2,22.971,67.157,-0.89213,37.046,62.093,0.56079,0.56079
25.11,53.803,3333.5,22.808,67.171,-0.59314,37.016,62.432,0.56079,0.5378
25.199,56.076,3333.8,22.853,67.174,0.66535,36.966,62.343,0.5378,0.5378
25.46,53.128,3331.8,22.811,67.156,-0.42252,36.933,62.338,0.5378,0.5378
25.045,54.207,3330.9,22.859,67.116,1.4937,36.913,62.375,0.5378,0.54847
24.995,51.598,3332.1,22.883,67.116,1.2796,36.865,62.395,0.54847,0.54847
24.978,53.778,3331.2,22.979,67.024,0.56979,36.821,62.259,0.54847,0.53714
25.078,48.596,3332.7,22.982,66.936,-0.035403,36.79,62.585,0.53714,0.53714
25.068,50.17,3331.6,22.839,66.816,-0.76401,36.754,62.247,0.53714,0.53714
25.053,52.155,3330.1,22.776,66.736,0.0097736,36.763,62.11,0.53714,0.54607
24.804,49.863,3330.1,22.837,66.647,-2.9387,36.755,62.25,0.54607,0.54607
24.823,51.139,3328.9,22.68,66.537,-0.38551,36.786,62.183,0.54607,0.53758
25.067,47.271,3329.5,22.924,66.489,-1.9913,36.79,62.234,0.53758,0.53758
24.799,47.401,3330.9,22.698,66.409,0.16843,36.793,62.468,0.53758,0.53758
24.859,48.136,3329.8,22.967,66.348,0.6265,36.794,62.238,0.53758,0.56697
24.882,47.116,3328.8,22.788,66.297,-1.4476,36.87,62.319,0.56697,0.56697
25.044,46.1,3329,22.97,66.283,0.89235,36.888,62.337,0.56697,0.56122
24.917,45.207,3330.9,22.923,66.243,1.8128,36.91,62.313,0.56122,0.56122
25.069,46.017,3331.1,22.836,66.247,-2.9302,36.961,62.21,0.56122,0.56122
25.117,43.262,3329.5,22.833,66.202,0.41217,36.944,62.144,0.56122,0.55085
24.891,44.27,3332.4,22.928,66.178,1.1068,36.986,62.318,0.55085,0.55085
25.111,45.988,3333.4,22.896,66.163,0.26256,36.958,62.073,0.55085,0.5635
25.231,45.123,3334.8,22.752,66.043,-0.8403,37.017,62.128,0.5635,0.5635
25.426,44.626,3337.5,22.863,65.98,0.29975,37,62.085,0.5635,0.5635
24.907,46.507,3337.7,22.749,65.956,1.0328,37.017,61.869,0.5635,0.56074
24.966,45.274,3337.4,22.942,65.844,1.1223,37.018,61.749,0.56074,0.56074
25.19,43.94,3338.7,22.619,65.802,-1.764,37.008,61.561,0.56074,0.56735
25.164,44.636,3340.1,23.094,65.724,-0.40203,37.008,61.513,0.56735,0.56735
25.066,45.176,3339.7,22.845,65.615,-1.3047,37,61.429,0.56735,0.56735
25.297,46.214,3342.8,22.852,65.604,-1.0705,36.986,61.262,0.56735,0.58661
25.113,43.954,3342.3,22.887,65.52,-0.97287,36.977,61.021,0.58661,0.58661
25.054,45.103,3342.9,23.023,65.472,-0.34109,36.939,60.856,0.58661,0.6263
24.992,45.366,3343,22.617,65.449,-0.93168,36.928,60.687,0.6263,0.6263
25.026,45.259,3344.4,22.828,65.404,-0.00069479,36.879,60.63,0.6263,0.6263
25.068,45.368,3343.8,22.631,65.323,1.0346,36.875,60.33,0.6263,0.61122
24.877,42.615,3344.2,22.998,65.3,0.063895,36.851,60.158,0.61122,0.61122
24.986,42.942,3344,22.793,65.275,0.29288,36.846,60.045,0.61122,0.65825
24.902,41.994,3344.1,23.024,65.258,1.0631,36.828,59.809,0.65825,0.65825
25.001,41.131,3340.7,22.83,65.157,-0.34255,36.768,59.654,0.65825,0.65825
24.808,42.443,3337.8,22.756,65.185,-1.9163,36.746,59.556,0.65825,0.65269
24.791,40.698,3331.1,23.086,65.189,-2.0825,36.748,59.337,0.65269,0.65269
24.75,40.342,3318.7,22.749,65.187,-1.2795,36.772,59.098,0.65269,0.67343
24.725,36.45,3304.8,22.767,65.157,-1.2276,36.794,59.102,0.67343,0.67343
24.875,37.261,3292.9,22.693,65.213,1.6881,36.841,58.912,0.67343,0.67343
25.025,35.485,3285.4,22.918,65.217,-2.3374,36.883,58.92,0.67343,0.68908
24.963,34.657,3283.1,22.683,65.172,2.1015,36.929,59.053,0.68908,0.68908
25.024,34.982,3285.3,22.524,65.168,-1.049,37.035,59.084,0.68908,0.69393
25.225,35.039,3290,22.683,65.09,-0.17393,37.139,59.293,0.69393,0.69393
25.228,32.709,3297.5,22.766,65.081,0.64677,37.229,59.182,0.69393,0.69393
25.203,36.221,3303.1,22.809,65.05,0.71945,37.331,59.133,0.69393,0.6957
25.442,34.692,3306.2,22.686,64.953,1.3633,37.453,59.081,0.6957,0.6957
25.467,34.252,3306.8,22.702,64.908,-1.6049,37.571,58.847,0.6957,0.70529
25.34,34.764,3304.5,22.76,64.902,0.85575,37.656,58.762,0.70529,0.70529
25.33,34.042,3300.2,22.769,64.918,-1.6959,37.818,58.698,0.70529,0.70529
25.819,33.843,3296.5,22.6,64.95,0.032494,37.927,58.972,0.70529,0.72212
25.674,35.14,3294.6,22.664,65.053,-1.0076,38.096,59.034,0.72212,0.72212
25.59,37.129,3293.5,22.594,65.171,0.43088,38.187,59.123,0.72212,0.71954
26.01,36.025,3294.2,22.724,65.376,0.73727,38.306,59.254,0.71954,0.71954
26.217,37.913,3296,22.715,65.535,-0.14718,38.421,59.531,0.71954,0.71954
26.265,38.498,3299.5,22.793,65.755,1.0624,38.474,59.482,0.71954,0.69054
25.983,41.114,3302.1,22.761,65.921,2.3927,38.528,59.685,0.69054,0.69054
26.244,43.737,3306.4,22.81,66.103,0.0029872,38.56,59.662,0.69054,0.6951
26.215,44.82,3312.1,22.9,66.283,1.0038,38.578,59.994,0.6951,0.6951
26.27,47.369,3317.6,23.082,66.388,1.0019,38.598,59.905,0.6951,0.6951
26.021,46.957,3322.2,22.777,66.533,-1.7782,38.585,60.261,0.6951,0.6672
26.123,48.772,3329.4,22.765,66.629,-1.9948,38.548,60.369,0.6672,0.6672
26.29,49.43,3334.5,22.556,66.741,0.18439,38.494,60.275,0.6672,0.64956
25.98,52.996,3337.9,23.023,66.829,-0.51165,38.45,60.384,0.64956,0.64956
26.081,53.275,3340.5,22.924,66.96,-0.39465,38.406,60.444,0.64956,0.64956
25.985,55.47,3342.5,22.754,66.989,0.85358,38.333,60.79,0.64956,0.62494
26.06,55.504,3341.6,22.77,67.034,0.51977,38.259,60.615,0.62494,0.62494
26.101,56.89,3341.6,23.013,67.098,0.49337,38.233,60.89,0.62494,0.61112
26.11,59.137,3342.1,22.915,67.157,0.073882,38.125,60.857,0.61112,0.61112
25.682,56.704,3342,22.798,67.223,-0.57888,38.047,61.234,0.61112,0.61112
25.827,57.2,3344.3,22.882,67.276,1.2829,37.945,61.331,0.61112,0.60947
25.873,59.437,3342.3,23.123,67.375,0.24874,37.869,61.207,0.60947,0.60947
25.642,60.397,3338.2,23.152,67.455,-0.73295,37.77,61.296,0.60947,0.59937
25.681,58.885,3334.9,22.954,67.531,0.94639,37.671,61.508,0.59937,0.59937
25.691,60.027,3328.2,22.741,67.577,-1.7124,37.58,61.565,0.59937,0.59937
25.521,60.817,3324.8,23.27,67.57,0.64497,37.481,61.719,0.59937,0.58363
25.425,62.346,3320.7,22.954,67.514,0.43121,37.375,61.535,0.58363,0.58363
25.289,61.459,3318.1,22.862,67.438,-1.5235,37.303,61.545,0.58363,0.55047
25.288,60.257,3319.9,23.013,67.359,0.9189,37.265,61.568,0.55047,0.55047
25.282,61.599,3320,23,67.277,-0.24197,37.236,61.341,0.55047,0.55047
25.425,60.523,3324.8,23.013,67.131,0.89289,37.211,61.749,0.55047,0.55527
25.175,59.412,3328.7,23.051,67.001,1.065,37.202,61.62,0.55527,0.55527
25.584,60.631,3330.5,22.993,66.9,-0.59043,37.159,61.567,0.55527,0.55686
25.313,61.368,3332.7,23.076,66.801,0.296,37.145,61.577,0.55686,0.55686
25.453,62.345,3335.1,23.017,66.651,-0.63529,37.148,61.431,0.55686,0.55686
25.288,60.607,3337,23.204,66.552,2.0781,37.145,61.408,0.55686,0.57325
25.226,61.028,3339.7,23.089,66.463,-0.1184,37.155,61.45,0.57325,0.57325
25.46,59.023,3340.4,23.052,66.36,0.0076789,37.221,61.211,0.57325,0.57029
25.214,60.569,3337.8,22.853,66.277,0.33297,37.223,61.131,0.57029,0.57029
25.299,59.266,3337.9,23.018,66.238,-0.10778,37.255,61.331,0.57029,0.57029
25.265,59.281,3336,22.888,66.249,0.064822,37.274,61.164,0.57029,0.58751
25.392,59.072,3334.5,23.099,66.224,-0.60861,37.277,61.163,0.58751,0.58751
25.428,59.868,3334.3,23.031,66.261,0.011785,37.298,61.112,0.58751,0.5776
25.381,60.403,3335,22.887,66.281,0.27408,37.275,60.969,0.5776,0.5776
25.14,59.573,3336.2,23.054,66.311,-0.10583,37.279,61.191,0.5776,0.5776
25.534,58.906,3337.2,22.943,66.275,1.2794,37.251,61.062,0.5776,0.58585
25.113,59.202,3339.3,22.888,66.274,1.0056,37.252,60.852,0.58585,0.58585
25.469,58.619,3337.6,23.165,66.256,-1.404,37.23,60.799,0.58585,0.57401
25.267,57.201,3336,22.874,66.24,-0.54468,37.217,60.575,0.57401,0.57401
25.375,58.239,3335,23.01,66.195,0.72118,37.179,60.616,0.57401,0.57401
25.223,57.512,3332.8,23.016,66.232,0.18804,37.168,60.221,0.57401,0.56748
25.185,58.219,3331.8,22.936,66.207,-0.91394,37.121,60.303,0.56748,0.56748
25.053,56.003,3329,23.011,66.193,1.3726,37.124,60.195,0.56748,0.58853
25.109,57.09,3329.5,22.723,66.199,-1.287,37.106,60.232,0.58853,0.58853
25.416,56.688,3329.6,23.199,66.168,0.8951,37.098,60.147,0.58853,0.58853
25.333,56.546,3330.1,22.856,66.183,-1.3879,37.081,60.043,0.58853,0.57866
25.001,56.868,3331.8,22.893,66.133,-1.7257,37.062,60.212,0.57866,0.57866
25.143,55.66,3330.3,23.133,66.131,1.3844,37.089,59.841,0.57866,0.60461
25.172,54.628,3326,22.851,66.127,-0.72913,37.085,59.797,0.60461,0.60461
25.276,55.266,3322.3,22.749,66.141,0.32969,37.117,59.741,0.60461,0.60461
25.212,52.939,3319.4,22.865,66.195,-0.64882,37.188,59.859,0.60461,0.60876
25.195,51.536,3318.7,23.039,66.215,-0.64485,37.183,59.846,0.60876,0.60876
24.986,53.207,3318.5,22.87,66.229,0.58683,37.262,60.011,0.60876,0.59341
25.125,52.633,3319.4,22.953,66.321,-0.90702,37.296,59.98,0.59341,0.59341
25.305,53.435,3322.3,22.69,66.413,0.082312,37.314,59.991,0.59341,0.59341
25.211,51.956,3324.5,23.065,66.447,-1.7715,37.399,60.144,0.59341,0.58962
25.606,49.467,3328.1,22.781,66.556,-3.8166,37.456,60.114,0.58962,0.58962
25.529,52.33,3331.5,22.948,66.601,-0.9542,37.488,60.335,0.58962,0.59422
25.277,51.532,3335.1,22.889,66.7,0.38405,37.536,60.518,0.59422,0.59422
25.337,50.002,3337.1,23.166,66.766,-0.73165,37.555,60.372,0.59422,0.59422
25.506,53.133,3338.7,23.036,66.869,-1.8518,37.593,60.559,0.59422,0.59605
25.41,51.665,3339.9,23.106,67.004,-0.029204,37.587,60.587,0.59605,0.59605
25.299,52.074,3342.4,22.975,67.105,1.6041,37.579,60.958,0.59605,0.56856
25.388,51.784,3340.1,22.903,67.234,0.45969,37.576,60.836,0.56856,0.56856
25.532,53.223,3341.2,23.022,67.338,0.088523,37.526,61.141,0.56856,0.56856
25.476,53.204,3337.8,22.821,67.433,-0.15517,37.489,61.056,0.56856,0.56416
25.244,53.808,3335.5,23.036,67.483,2.2732,37.431,60.967,0.56416,0.56416
25.316,54.461,3332.6,22.756,67.535,-1.5436,37.381,61.027,0.56416,0.53326
25.191,54.154,3330.5,22.924,67.512,-2.442,37.351,61.169,0.53326,0.53326
25.267,54.97,3329.6,22.929,67.522,-1.2178,37.307,61.133,0.53326,0.53326
25.431,56.199,3330.2,23.008,67.538,-0.73064,37.241,61.161,0.53326,0.52652
25.319,54.629,3329.8,22.976,67.541,1.8742,37.19,61.146,0.52652,0.52652
25.288,52.283,3331,22.839,67.547,0.54901,37.154,61.292,0.52652,0.54571
25.245,51.605,3331.9,22.975,67.567,-0.39837,37.105,61.427,0.54571,0.54571
25.204,53.239,3334.2,22.87,67.603,1.7374,37.119,61.407,0.54571,0.54571
25.329,52.281,3335.3,23.011,67.62,-0.93514,37.122,61.641,0.54571,0.52819
25.208,52.912,3334.4,23.053,67.664,-1.4557,37.068,61.644,0.52819,0.52819
25.345,51.826,3333.2,22.912,67.703,0.25339,37.07,61.652,0.52819,0.51558
25.296,53.077,3332.8,22.698,67.703,1.5432,37.08,61.935,0.51558,0.51558
24.945,53.19,3333.5,22.991,67.774,-0.21248,37.016,62.111,0.51558,0.51558
25.227,51.159,3332.9,22.801,67.77,0.57782,37.004,62.054,0.51558,0.50185
25.105,51.547,3331.9,23.019,67.786,-0.043028,36.939,62.074,0.50185,0.50185
25.143,54.678,3328.1,23.153,67.76,1.7863,36.903,62.128,0.50185,0.51833
25.161,51.72,3327.8,22.8,67.71,1.7791,36.92,62.209,0.51833,0.51833
25.093,51.867,3328.1,22.932,67.709,-0.45233,36.89,62.343,0.51833,0.51833
25.003,52.066,3329.4,22.952,67.658,-1.2284,36.927,62.345,0.51833,0.51381
25.215,50.436,3330.3,22.916,67.597,-0.57887,36.85,62.453,0.51381,0.51381
25.11,49.763,3332.2,22.89,67.553,0.50262,36.882,62.461,0.51381,0.50849
25.038,51.327,3332.4,23.01,67.496,1.3152,36.882,62.404,0.50849,0.50849
25.161,50.546,3333.9,23.077,67.469,0.43413,36.883,62.431,0.50849,0.50849
24.948,48.214,3334.7,23.28,67.438,-0.019802,36.866,62.453,0.50849,0.51432
25.061,51.464,3336.6,22.762,67.399,0.092799,36.881,62.714,0.51432,0.51432
25.145,48.427,3335.1,23.06,67.359,0.61277,36.864,62.429,0.51432,0.50764
25.075,47.983,3335.1,22.973,67.329,-0.18614,36.938,62.57,0.50764,0.50764
25.314,49.816,3336.1,23.024,67.316,-1.1445,36.906,62.762,0.50764,0.50764
25.163,49.442,3337.1,23.052,67.382,1.4342,36.987,62.528,0.50764,0.51905
25.289,48.635,3337.5,22.822,67.415,0.45344,36.998,62.848,0.51905,0.51905
25.005,46.555,3339.2,22.859,67.488,-0.46555,36.996,62.806,0.51905,0.48246
25.106,47.964,3339.4,22.648,67.565,-0.0039812,37.001,62.858,0.48246,0.48246
25.087,49.08,3342.2,22.813,67.648,-0.51251,36.997,63.203,0.48246,0.48246
25.415,46.251,3343.3,22.893,67.709,-2.2965,37.029,63.116,0.48246,0.49256
24.976,47.512,3342.9,22.761,67.804,0.19286,36.998,63.254,0.49256,0.49256
25.067,48.09,3342.9,22.987,67.902,0.76864,36.905,63.28,0.49256,0.47969
24.986,48.671,3339.8,23.045,67.881,-0.26252,36.843,63.435,0.47969,0.47969
25.104,50.427,3338.6,22.79,67.889,-0.53085,36.773,63.472,0.47969,0.47969
25.053,50.814,3337.8,22.707,67.898,-2.5908,36.723,63.326,0.47969,0.49175
25.001,50.418,3336.4,22.939,67.864,0.98489,36.624,63.411,0.49175,0.49175
25.016,52.402,3334.1,22.839,67.811,0.097003,36.534,63.22,0.49175,0.46149
24.629,50.23,3331.4,22.857,67.757,-0.3674,36.483,62.913,0.46149,0.46149
24.735,49.359,3327.9,22.968,67.678,-0.45078,36.426,62.933,0.46149,0.46149
24.822,49.048,3325.9,23,67.651,-1.5217,36.381,62.7,0.46149,0.45517
24.73,48.402,3323.4,22.873,67.617,-0.035528,36.345,62.764,0.45517,0.45517
24.423,48.732,3324.9,22.901,67.557,-1.8748,36.312,62.733,0.45517,0.45348
24.513,47.628,3325.1,22.928,67.445,-0.12794,36.268,62.582,0.45348,0.45348
24.325,47.083,3328.6,22.896,67.403,0.79938,36.255,62.601,0.45348,0.45348
24.565,47.959,3332.6,23.001,67.332,0.20049,36.226,62.433,0.45348,0.45738
24.502,48.393,3333,23.045,67.216,-0.015868,36.229,62.279,0.45738,0.45738
24.552,48.8,3333.9,22.924,67.102,0.37004,36.207,62.131,0.45738,0.47045
24.385,47.453,3337.4,22.936,66.961,0.44807,36.176,62.101,0.47045,0.47045
24.623,45.858,3338.1,22.842,66.865,0.31193,36.181,61.879,0.47045,0.47045
24.531,44.817,3337.5,22.935,66.74,1.9436,36.127,61.815,0.47045,0.47937
24.363,43.533,3336.6,22.915,66.602,-1.8626,36.148,61.58,0.47937,0.47937
24.357,42.863,3334.9,22.866,66.499,-0.68849,36.15,61.515,0.47937,0.49795
24.173,43.862,3333.4,22.887,66.379,-1.1139,36.128,61.337,0.49795,0.49795
24.584,42.056,3330.7,22.796,66.267,3.1015,36.169,61.265,0.49795,0.49795
24.521,40.494,3328.6,22.683,66.156,0.10407,36.199,61.061,0.49795,0.52465
24.427,39.865,3325.4,22.806,66.04,0.40939,36.228,60.907,0.52465,0.52465
24.42,39.14,3322.4,22.747,65.945,-0.31267,36.242,60.941,0.52465,0.53599
24.594,37.493,3317.7,22.742,65.909,1.4255,36.348,60.589,0.53599,0.53599
24.512,37.794,3312.1,22.768,65.797,0.61906,36.409,60.578,0.53599,0.53599
24.832,34.612,3308.4,22.752,65.724,-0.022491,36.463,60.537,0.53599,0.55501
24.755,35.123,3304.8,22.825,65.69,2.657,36.588,60.284,0.55501,0.55501
24.69,34.292,3303.4,22.894,65.601,2.8496,36.699,60.351,0.55501,0.59124
24.953,32.822,3303.8,22.737,65.506,-1.01,36.765,60.44,0.59124,0.59124
24.794,32.797,3306.1,22.865,65.425,-3.35,36.927,60.51,0.59124,0.59124
25.038,32.449,3307.1,22.577,65.409,1.2887,37.039,60.387,0.59124,0.62202
25.397,34.464,3309.3,22.666,65.326,-0.1527,37.149,60.541,0.62202,0.62202
25.253,31.477,3310.1,22.821,65.292,-1.6062,37.313,60.314,0.62202,0.61196
25.579,32.645,3310.4,22.766,65.27,-1.6447,37.417,60.325,0.61196,0.61196
25.32,34.372,3308.6,22.768,65.254,-0.14257,37.505,60.395,0.61196,0.61196
25.443,34.438,3307.2,22.72,65.245,-0.18825,37.678,60.376,0.61196,0.64566
25.486,34.225,3307.2,22.659,65.287,1.6768,37.772,60.475,0.64566,0.64566
25.738,34.237,3304.9,22.707,65.36,0.75904,37.876,60.245,0.64566,0.62518
25.781,34.025,3304.5,22.716,65.427,0.36673,38.004,60.615,0.62518,0.62518
25.624,36.806,3306.6,22.904,65.485,0.33658,38.069,60.747,0.62518,0.62518
25.829,38.129,3308.7,22.759,65.572,2.8228,38.131,60.675,0.62518,0.66431
25.965,38.987,3310.9,22.825,65.609,-0.65946,38.136,60.559,0.66431,0.66431
26.157,39.967,3313.1,22.751,65.678,1.0381,38.169,60.713,0.66431,0.64146
26.081,42.318,3314.4,22.601,65.7,-0.4698,38.212,60.478,0.64146,0.64146
25.818,42.037,3316.3,22.482,65.723,0.96111,38.258,60.748,0.64146,0.64146
26.194,42.266,3317,22.776,65.743,-0.88177,38.269,60.511,0.64146,0.63342
26.05,44.598,3318.6,22.9,65.764,0.28039,38.28,60.489,0.63342,0.63342
25.814,46.606,3319.3,22.61,65.786,0.70977,38.291,60.762,0.63342,0.65255
26.03,48.188,3323.3,23.002,65.795,0.42098,38.256,60.819,0.65255,0.65255
25.7,51.186,3326.6,22.875,65.755,-1.1603,38.221,60.788,0.65255,0.65255
25.895,48.752,3331.6,22.885,65.762,-0.57901,38.177,60.922,0.65255,0.6501
26.008,51.218,3337.5,23.142,65.664,-0.99843,38.177,60.968,0.6501,0.6501
25.789,50.988,3341.4,22.795,65.57,0.023309,38.165,60.712,0.6501,0.64446
25.612,52.381,3344,22.978,65.501,-0.57604,38.079,60.563,0.64446,0.64446
25.979,52.35,3344.9,23.044,65.413,1.8466,38.06,60.38,0.64446,0.64446
25.794,57.128,3345.6,23.028,65.303,1.1015,38.022,60.353,0.64446,0.66643
25.904,55.632,3345,22.888,65.239,0.29367,37.986,60.1,0.66643,0.66643
25.514,55.495,3341.8,22.713,65.172,-0.15696,37.953,60.005,0.66643,0.68061
25.804,55.942,3338.7,22.806,65.137,1.0696,37.92,60.072,0.68061,0.68061
25.653,57.024,3334.4,22.96,65.125,0.053751,37.948,60.09,0.68061,0.68061
25.707,56.609,3330.7,22.84,65.16,1.8597,37.913,59.931,0.68061,0.68007
25.701,55.359,3325.7,23.012,65.158,-0.68834,37.886,60.052,0.68007,0.68007
25.59,57.662,3324.1,22.988,65.182,-0.13469,37.91,59.999,0.68007,0.69166
25.636,55.805,3322.4,22.858,65.255,0.52732,37.917,59.959,0.69166,0.69166
25.757,55.782,3322,22.841,65.316,-0.99049,37.916,59.851,0.69166,0.69166
25.556,56.034,3325.4,22.768,65.388,1.4715,37.935,59.955,0.69166,0.69193
25.965,57.665,3325.8,22.991,65.378,-1.7027,37.925,60.127,0.69193,0.69193
25.538,53.797,3330,23.025,65.408,0.19354,37.936,60.11,0.69193,0.68714
25.613,55.502,3333.7,22.95,65.399,-0.025372,37.898,60.299,0.68714,0.68714
25.623,57.92,3333.8,22.699,65.402,-0.27094,37.91,60.09,0.68714,0.68714
25.916,55.704,3335,22.691,65.374,-0.29721,37.927,60.21,0.68714,0.66865
25.462,56.176,3335.2,23.182,65.387,0.093112,37.882,60.031,0.66865,0.66865
25.607,57.457,3334.5,22.777,65.404,-1.3185,37.933,60.289,0.66865,0.67214
25.741,56.42,3333.6,23.169,65.424,0.013568,37.927,60.255,0.67214,0.67214
25.673,54.987,3330.5,22.935,65.456,-0.65565,37.977,60.389,0.67214,0.67214
25.739,57.405,3329.8,22.929,65.494,2.2521,37.984,60.299,0.67214,0.68731
25.793,55.18,3328.6,23.13,65.613,0.66784,37.975,60.387,0.68731,0.68731
25.874,56.347,3328.7,22.888,65.677,0.032082,38.024,60.524,0.68731,0.68674
25.979,55.303,3329.4,22.964,65.778,0.24785,38.031,60.642,0.68674,0.68674
25.983,56.068,3330.5,22.818,65.888,-0.25469,38.038,60.615,0.68674,0.68674
26.057,55.976,3333.3,22.763,65.995,-0.50787,38.072,60.794,0.68674,0.67527
26.036,56.414,3336.6,22.884,66.151,0.038213,38.053,60.888,0.67527,0.67527
25.983,56.324,3336.5,22.958,66.299,1.6041,38.013,61.015,0.67527,0.65098
26.054,56.368,3336.6,22.928,66.4,0.7426,37.981,60.947,0.65098,0.65098
25.799,57.018,3332.9,23.004,66.451,-0.85784,37.942,61.249,0.65098,0.65098
25.907,58.402,3332.6,22.739,66.473,1.7106,37.9,61.232,0.65098,0.6311
25.667,57.756,3331.2,23.151,66.49,-0.83395,37.854,61.188,0.6311,0.6311
25.812,58.106,3331.2,23.155,66.476,-1.2779,37.809,61.196,0.6311,0.60702
25.739,59.431,3330.6,22.794,66.508,-1.2014,37.75,61.209,0.60702,0.60702
25.526,59.655,3330.4,23.139,66.478,-0.2862,37.673,61.323,0.60702,0.60702
25.654,60.224,3332.8,22.979,66.404,0.77105,37.647,61.253,0.60702,0.62305
25.429,61.458,3333.7,23.106,66.378,2.3093,37.612,61.266,0.62305,0.62305
25.377,58.042,3335.4,23.165,66.28,-0.25136,37.598,61.425,0.62305,0.63521
25.638,61.305,3336,22.807,66.252,0.40769,37.564,61.258,0.63521,0.63521
25.36,59.832,3337.3,23.285,66.221,-0.96169,37.523,61.334,0.63521,0.63521
25.402,59.031,3337.5,23.183,66.17,-2.112,37.498,61.263,0.63521,0.61187
25.17,60.832,3338.7,22.847,66.146,-1.096,37.445,60.985,0.61187,0.61187
25.433,61.243,3336.2,22.956,66.097,-0.87802,37.418,60.885,0.61187,0.60405
25.438,60.138,3333.7,22.946,66.017,2.7617,37.389,60.874,0.60405,0.60405
25.402,58.394,3333.5,22.884,65.99,1.6745,37.418,60.91,0.60405,0.60405
25.345,59.177,3333.3,22.951,65.975,1.3059,37.403,60.73,0.60405,0.61917
25.461,58.751,3331.5,22.953,65.979,-0.0057297,37.362,60.572,0.61917,0.61917
25.674,58.027,3334.7,23.035,65.963,-0.92877,37.333,60.622,0.61917,0.59476
25.417,58.657,3338.7,23.139,65.937,0.32697,37.307,60.881,0.59476,0.59476
25.558,57.45,3341.9,23.031,65.909,2.2175,37.287,60.587,0.59476,0.59476
25.497,56.649,3343.3,23.035,65.876,0.518,37.267,60.512,0.59476,0.61925
25.425,59.71,3340.2,22.808,65.874,-1.0825,37.287,60.25,0.61925,0.61925
25.298,56.19,3336.6,22.841,65.9,-1.3532,37.249,60.219,0.61925,0.6235
25.461,56.274,3332.5,22.997,65.89,1.4817,37.231,60.346,0.6235,0.6235
25.365,57.11,3330.5,22.989,65.955,-0.1668,37.215,60.218,0.6235,0.6235
25.169,54.997,3327,23.012,66.009,0.34736,37.188,60.106,0.6235,0.6163
25.594,54.309,3325.6,22.937,66.044,1.4166,37.196,60.327,0.6163,0.6163
25.183,53.977,3325.3,23.093,66.13,-1.0402,37.179,60.119,0.6163,0.63256
25.267,54.709,3326.6,22.944,66.187,1.8249,37.164,60.227,0.63256,0.63256
25.413,53.349,3328.4,23.041,66.171,2.999,37.122,60.467,0.63256,0.63256
25.266,53.065,3330,23.029,66.158,-0.060652,37.125,60.366,0.63256,0.62894
25.253,52.198,3333.1,22.954,66.136,1.1611,37.105,60.287,0.62894,0.62894
25.305,51.845,3336.7,22.84,66.102,0.33037,37.111,60.272,0.62894,0.62737
25.286,52.172,3337,23.006,66.101,0.36432,37.108,59.957,0.62737,0.62737
25.128,49.621,3338,22.798,66.049,0.19771,37.067,60.047,0.62737,0.62737
25.24,51.536,3339.3,23.131,65.994,0.47746,37.049,59.881,0.62737,0.62302
25.19,50.239,3337.6,23.033,65.967,1.3393,37.003,59.676,0.62302,0.62302
25.173,48.502,3335.2,22.753,65.951,-0.39874,37,59.741,0.62302,0.60878
25.06,48.517,3333.9,23.115,65.924,0.41173,37.012,59.782,0.60878,0.60878
25.1,50.687,3329.4,22.731,65.919,0.53508,36.998,59.478,0.60878,0.60878
25.14,47.371,3326.6,22.892,65.956,-0.57752,36.988,59.42,0.60878,0.62783
24.929,46.366,3323,22.717,65.949,1.9346,37.027,59.411,0.62783,0.62783
24.984,46.783,3318.6,22.725,65.992,-1.6311,37.056,59.247,0.62783,0.60704
25.11,47.069,3316.9,22.738,66.048,1.367,37.101,59.276,0.60704,0.60704
25.219,47.214,3315.4,22.85,66.065,0.21482,37.166,59.254,0.60704,0.60704
25.216,44.531,3315,22.991,66.11,1.1764,37.171,59.236,0.60704,0.62816
25.096,44.48,3318.2,22.844,66.198,-0.67154,37.164,59.411,0.62816,0.62816
25.449,46.38,3323.1,22.63,66.182,0.80703,37.223,59.386,0.62816,0.63034
25.268,47.031,3326,22.876,66.17,1.0053,37.248,59.529,0.63034,0.63034
25.298,45.789,3329.4,23.008,66.153,0.15542,37.308,59.581,0.63034,0.63034
25.389,46.406,3332.3,22.803,66.143,-0.42137,37.344,59.544,0.63034,0.6159
25.372,45.674,3333.2,22.772,66.175,-1.3736,37.393,59.47,0.6159,0.6159
25.426,44.584,3333.4,22.944,66.198,1.6758,37.474,59.507,0.6159,0.61514
25.337,45.477,3332.5,22.81,66.245,0.12071,37.521,59.525,0.61514,0.61514
25.567,44.539,3331.3,22.883,66.341,1.5529,37.589,59.487,0.61514,0.61514
25.406,44.947,3332.2,22.872,66.449,1.3333,37.597,59.596,0.61514,0.59847
25.917,45.739,3334.8,22.738,66.599,-0.039301,37.651,59.844,0.59847,0.59847
25.674,46.239,3336.6,22.939,66.68,-0.35323,37.671,59.941,0.59847,0.59215
25.64,46.081,3338.3,23.031,66.816,-0.74057,37.711,60.197,0.59215,0.59215
25.688,46.315,3338,22.776,66.95,1.5358,37.692,60.11,0.59215,0.59215
25.501,47.243,3339.5,22.723,67.089,1.0179,37.693,60.358,0.59215,0.58044
25.462,49.463,3338.5,22.979,67.183,-0.88831,37.64,60.462,0.58044,0.58044
25.6,47.962,3338.3,22.771,67.291,1.807,37.584,60.235,0.58044,0.56722
25.539,51.547,3336.8,23.042,67.35,0.51866,37.514,60.327,0.56722,0.56722
25.42,51.476,3335.2,22.909,67.363,-1.7701,37.476,60.496,0.56722,0.56722
25.487,52.518,3334.7,22.789,67.4,0.67671,37.369,60.327,0.56722,0.56845
25.279,52.445,3332.6,22.882,67.432,-1.3214,37.328,60.401,0.56845,0.56845
25.33,52.638,3331.6,22.777,67.408,-0.74187,37.256,60.407,0.56845,0.5374
25.294,52.011,3331.9,22.856,67.386,1.6521,37.2,60.288,0.5374,0.5374
25.164,53.579,3330.8,22.95,67.332,-1.245,37.112,60.339,0.5374,0.5374
25.442,52.137,3333.2,23.12,67.279,0.026827,37.085,60.24,0.5374,0.551
25.089,54.464,3334.1,22.919,67.16,0.98232,36.981,60.099,0.551,0.551
25.17,54.587,3334.6,22.923,67.065,-1.2468,36.944,59.968,0.551,0.55212
25.116,53.507,3336.5,22.71,66.959,-1.5594,36.925,60.114,0.55212,0.55212
24.727,52.673,3334.1,22.96,66.892,1.2211,36.887,59.748,0.55212,0.55212
25.02,52.131,3331,22.948,66.832,-0.26804,36.875,59.862,0.55212,0.53782
25.129,50.174,3330.6,22.916,66.781,-1.1868,36.886,59.8,0.53782,0.53782
25.147,52.134,3328.5,22.986,66.758,0.2658,36.894,59.794,0.53782,0.56191
24.975,49.936,3327.2,23.16,66.799,-0.30728,36.894,59.613,0.56191,0.56191
25.073,50.283,3328.4,22.703,66.782,-0.53283,36.903,59.755,0.56191,0.56191
25.029,50.311,3327.5,22.774,66.726,0.067181,36.923,59.737,0.56191,0.55725
25.087,49.589,3327.4,22.999,66.745,0.0025874,36.963,59.713,0.55725,0.55725
25.044,48.821,3328.9,22.959,66.778,-2.2768,36.996,59.603,0.55725,0.55385
25.45,48.208,3327.3,22.819,66.818,0.75241,37.059,59.782,0.55385,0.55385
25.201,47.605,3328.7,22.913,66.852,-0.31817,37.072,59.735,0.55385,0.55385
25.263,46.161,3329.4,22.844,66.869,-0.1285,37.081,59.712,0.55385,0.55751
25.067,46.415,3329.7,22.798,66.899,-0.96113,37.097,59.842,0.55751,0.55751
25.022,47.649,3332.3,22.854,66.954,0.15157,37.121,59.876,0.55751,0.5737
25.13,48.181,3334.2,22.798,66.981,1.4419,37.136,60.018,0.5737,0.5737
25.012,48.121,3336.1,22.878,66.991,0.52697,37.119,60.158,0.5737,0.5737
25.231,49.299,3339.1,22.975,67.017,-0.22501,37.126,60.023,0.5737,0.55629
25.139,49.351,3340.9,23.024,67.026,1.9321,37.142,60.05,0.55629,0.55629
25.043,47.764,3339.3,23.118,67.002,-2.1125,37.114,60.043,0.55629,0.55585
25.104,48.895,3337.1,22.741,67.018,0.7845,37.111,59.919,0.55585,0.55585
25.135,47.483,3334.6,22.871,67.034,-0.16213,37.083,59.98,0.55585,0.55585
25.332,47.44,3333.8,22.873,67.003,0.39632,37.077,60.009,0.55585,0.56304
25.028,47.658,3333.8,22.821,67.026,0.67489,37.051,60.084,0.56304,0.56304
25.488,48.265,3332.3,22.822,67.082,-2.0077,37.052,60,0.56304,0.55041
25.136,46.936,3331.9,23.024,67.061,1.2997,37.029,60.052,0.55041,0.55041
25.325,48.479,3333.3,22.877,67.07,-0.81226,37.035,60.136,0.55041,0.55041
25.192,47.277,3333.6,22.811,67.069,0.4711,37.004,60.168,0.55041,0.56595
25.018,47.507,3334.5,22.874,67.077,-2.1198,37.007,60.365,0.56595,0.56595
25.052,47.586,3333.7,22.802,67.021,0.79372,36.98,60.159,0.56595,0.55286
25.306,47.675,3334.2,22.829,66.988,0.034993,36.957,60.087,0.55286,0.55286
24.992,47.217,3332.6,22.856,66.999,0.19905,36.934,59.998,0.55286,0.55286
24.83,47.709,3332.6,22.962,66.972,0.65031,36.923,60.134,0.55286,0.56049
24.972,46.776,3330.8,22.832,66.883,-1.2537,36.917,59.941,0.56049,0.56049
25.041,47.415,3327.7,22.78,66.924,0.77834,36.901,59.859,0.56049,0.56901
25.116,45.598,3324.5,22.944,66.865,0.54556,36.93,60.097,0.56901,0.56901
25.231,45.315,3324.4,23.06,66.861,1.6627,36.951,60.104,0.56901,0.56901
25.262,43.689,3322.9,22.826,66.883,-0.73011,37.012,60.096,0.56901,0.55362
25.103,44.567,3324.1,22.651,66.925,0.44619,37.044,60.378,0.55362,0.55362
25.158,45.206,3323.1,22.954,66.997,-1.207,37.092,60.222,0.55362,0.56612
25.144,45.187,3327.9,22.891,67.085,-0.51342,37.171,60.498,0.56612,0.56612
25.658,42.56,3331,22.864,67.161,0.3888,37.235,60.719,0.56612,0.56612
25.291,41.533,3333.4,22.623,67.272,-2.0294,37.261,60.806,0.56612,0.55613
25.279,44.873,3337.4,22.785,67.401,-0.56443,37.302,60.908,0.55613,0.55613
25.536,44.775,3338,22.705,67.489,1.8897,37.35,61.006,0.55613,0.5553
25.39,45.175,3337.1,22.92,67.561,-0.042724,37.288,61.276,0.5553,0.5553
25.303,45.862,3334.6,22.914,67.639,-1.6633,37.261,61.255,0.5553,0.5553
25.455,44.453,3332.7,22.708,67.678,-0.53981,37.245,61.413,0.5553,0.54483
25.273,46.572,3329.8,22.884,67.635,-0.24767,37.237,61.423,0.54483,0.54483
25.448,48.3,3328.8,22.647,67.557,0.065939,37.176,61.395,0.54483,0.53948
25.178,49.287,3329.2,22.703,67.503,-1.5123,37.142,61.603,0.53948,0.53948
25.071,47.976,3328.9,22.733,67.395,-0.92008,37.126,61.25,0.53948,0.53948
25.358,49.949,3331.9,22.899,67.381,1.2282,37.134,61.309,0.53948,0.53713
25.208,49.218,3334.1,22.774,67.308,-1.2292,37.078,61.265,0.53713,0.53713
25.356,46.937,3334.2,22.965,67.227,1.8331,37.08,61.301,0.53713,0.53042
25.204,47.42,3337,22.653,67.173,1.2431,37.062,61.468,0.53042,0.53042
25.301,48.153,3337.7,22.765,67.143,1.3189,37.008,61.431,0.53042,0.53042
25.182,47.878,3337.6,22.865,67.087,-0.52127,37.027,61.382,0.53042,0.53125
25.164,48.903,3337.3,22.955,67.005,-0.40637,36.995,61.479,0.53125,0.53125
25.16,49.285,3337.6,22.984,66.942,0.082924,36.977,61.331,0.53125,0.50961
25.126,48.459,3339.1,22.782,66.869,0.90169,36.95,61.154,0.50961,0.50961
25.191,48.902,3338.9,22.916,66.741,-0.22061,36.923,61.231,0.50961,0.50961
25.03,51.762,3340.2,23.023,66.611,-0.34773,36.928,61.278,0.50961,0.53627
25.076,49.134,3338.9,22.83,66.508,0.97172,36.895,61.19,0.53627,0.53627
24.816,47.471,3338,22.961,66.43,0.57038,36.88,60.952,0.53627,0.56124
25.023,46.533,3335.6,22.761,66.396,1.2023,36.907,61,0.56124,0.56124
25.236,47.327,3332.2,22.78,66.37,-0.064875,36.932,60.848,0.56124,0.56124
25.016,46.875,3327.5,22.752,66.39,-2.1319,36.941,60.755,0.56124,0.56147
25.143,46.678,3323.2,22.675,66.44,0.31346,36.971,60.783,0.56147,0.56147
25.183,46.878,3321,22.957,66.493,-1.6385,37.005,60.834,0.56147,0.58085
25.099,43.675,3318.8,22.837,66.486,0.22526,37.052,60.991,0.58085,0.58085
25.06,44.393,3319.3,22.754,66.526,0.54413,37.091,60.898,0.58085,0.58085
25.163,45.478,3320.1,22.683,66.542,-0.77466,37.115,60.942,0.58085,0.59002
25.08,44.379,3324.2,22.692,66.58,1.4287,37.152,61.293,0.59002,0.59002
25.139,44.847,3327.7,22.81,66.555,-1.8803,37.202,61.266,0.59002,0.57636
25.19,46.155,3331.6,22.739,66.526,0.44373,37.226,61.457,0.57636,0.57636
25.195,43.594,3335.9,23.023,66.513,-0.039801,37.183,61.358,0.57636,0.57636
25.312,46.711,3336.9,23.021,66.48,-0.98656,37.205,61.338,0.57636,0.57303
25.486,46.952,3338,22.755,66.386,0.10671,37.238,61.32,0.57303,0.57303
25.212,47.557,3339.6,22.772,66.3,0.30757,37.265,61.266,0.57303,0.58969
25.261,46.26,3340,22.731,66.274,0.75287,37.272,61.309,0.58969,0.58969
25.425,48.602,3340.3,22.868,66.221,0.14822,37.252,61.025,0.58969,0.58969
25.387,48.295,3341.1,22.876,66.186,-0.77761,37.192,61.02,0.58969,0.58373
25.268,47.818,3339,22.923,66.114,-1.5692,37.191,60.884,0.58373,0.58373
25.319,49.278,3337.9,22.795,66.05,-1.1258,37.196,60.816,0.58373,0.60171
25.412,46.751,3335.8,22.833,66.011,0.71988,37.203,60.664,0.60171,0.60171
25.142,48.638,3332.7,22.552,65.995,0.16899,37.209,60.663,0.60171,0.60171
25.33,47.923,3327,22.962,66.014,-1.5982,37.243,60.592,0.60171,0.58849
25.237,46.575,3322.7,22.869,66.021,-0.27307,37.25,60.484,0.58849,0.58849
25.264,47.198,3317.8,22.814,66.076,0.99138,37.282,60.471,0.58849,0.60057
25.22,47.601,3315.6,22.991,66.121,1.8077,37.307,60.671,0.60057,0.60057
25.434,47.012,3314.5,22.839,66.174,-0.50109,37.326,60.442,0.60057,0.60057
25.452,47.319,3314.1,22.78,66.235,-0.26078,37.39,60.561,0.60057,0.60464
25.565,45.634,3315.8,22.702,66.254,-0.90604,37.447,60.682,0.60464,0.60464
25.416,47.686,3317.1,22.699,66.309,-0.35495,37.522,60.657,0.60464,0.60029
25.361,45.195,3320.3,22.709,66.379,-0.55112,37.603,60.91,0.60029,0.60029
25.148,47.458,3324.1,23.068,66.417,0.99436,37.597,61.041,0.60029,0.60029
25.553,47.163,3327.7,22.883,66.465,0.65997,37.671,61.128,0.60029,0.58811
25.484,46.899,3330.4,23.039,66.514,0.21092,37.709,61.02,0.58811,0.58811
25.419,48.67,3333.2,22.844,66.512,2.0125,37.718,61.251,0.58811,0.58766
25.687,51.009,3334.9,22.805,66.59,-0.39428,37.708,61.178,0.58766,0.58766
25.622,51.778,3336,22.88,66.576,-0.33091,37.739,61.124,0.58766,0.58766
25.73,54.406,3337.9,22.825,66.584,1.2456,37.745,61.119,0.58766,0.57705
25.841,52.714,3339.1,23.006,66.596,3.0601,37.742,61.222,0.57705,0.57705
25.657,53.761,3340,22.731,66.565,-0.58937,37.706,61.077,0.57705,0.58164
25.654,52.961,3341.1,22.748,66.596,1.4271,37.65,61.069,0.58164,0.58164
25.46,53.306,3341.4,22.956,66.573,-0.9793,37.59,61.164,0.58164,0.58164
25.568,55.527,3341.4,23.07,66.593,-0.83182,37.582,60.889,0.58164,0.5886
25.376,54.83,3338.5,22.862,66.586,-0.68897,37.551,60.937,0.5886,0.5886
25.548,55.582,3338.6,22.779,66.62,-2.6253,37.495,60.771,0.5886,0.59041
25.541,55.657,3336.7,22.902,66.594,0.93636,37.467,60.893,0.59041,0.59041
25.438,57.09,3337.2,22.864,66.576,0.29428,37.438,60.885,0.59041,0.59041
25.592,58.275,3337.9,22.964,66.556,0.7662,37.392,60.941,0.59041,0.56791
25.195,57.084,3337.5,22.931,66.555,1.0975,37.381,60.762,0.56791,0.56791
25.409,57.856,3335.3,22.948,66.555,0.41454,37.323,60.563,0.56791,0.58675
25.598,58.382,3332.2,23.004,66.518,-1.67,37.275,60.744,0.58675,0.58675
25.334,56.06,3331.1,23.104,66.513,1.0375,37.233,60.556,0.58675,0.58675
25.272,56.702,3325.3,22.87,66.521,-0.085979,37.193,60.489,0.58675,0.56265
25.304,54.033,3321.7,22.948,66.53,1.299,37.236,60.407,0.56265,0.56265
25.15,55.34,3322.4,22.894,66.548,0.67163,37.247,60.568,0.56265,0.59029
25.416,56.277,3320.2,22.793,66.586,-0.47365,37.239,60.636,0.59029,0.59029
25.446,54.537,3322.7,23.044,66.601,0.47634,37.228,60.716,0.59029,0.59029
25.096,54.831,3324.2,22.908,66.659,-0.32992,37.212,60.576,0.59029,0.57898
25.51,54.216,3325.9,23.098,66.715,1.9064,37.253,60.559,0.57898,0.57898
25.206,52.762,3329.9,23.106,66.689,1.3861,37.263,60.701,0.57898,0.57282
25.176,55.794,3334.2,23.17,66.684,1.7378,37.243,60.663,0.57282,0.57282
25.367,54.544,3334.8,23.081,66.614,0.42718,37.26,60.549,0.57282,0.57282
25.378,55.603,3336.1,22.806,66.563,-0.015,37.272,60.673,0.57282,0.5763
25.376,53.192,3336.3,22.935,66.557,-0.51067,37.3,60.627,0.5763,0.5763
25.29,51.868,3335.6,23.006,66.552,-1.8095,37.318,60.611,0.5763,0.58973
25.352,53.917,3336.9,22.913,66.587,0.97341,37.326,60.774,0.58973,0.58973
25.331,52.69,3337.4,22.873,66.586,0.24841,37.344,60.935,0.58973,0.58973
25.44,53.715,3338.3,22.861,66.702,-2.9269,37.366,60.875,0.58973,0.55971
25.362,53.729,3337.1,22.923,66.783,-0.25412,37.373,60.881,0.55971,0.55971
25.431,54.318,3337.4,23.102,66.804,1.5252,37.364,61.287,0.55971,0.5718
25.102,54.356,3336.8,22.825,66.871,1.5105,37.328,61.251,0.5718,0.5718
25.282,53.602,3336.1,23.033,66.895,-1.1421,37.344,61.368,0.5718,0.5718
25.311,52.802,3336.3,22.935,66.908,-1.0528,37.279,61.264,0.5718,0.5685
25.067,54.475,3334.4,22.87,66.907,-2.7081,37.226,61.178,0.5685,0.5685
25.055,52.775,3335.8,23.122,66.919,-1.0226,37.158,61.388,0.5685,0.55499
25.2,55.143,3335.3,23.012,66.867,0.35377,37.113,61.294,0.55499,0.55499
25.165,54.635,3335.6,22.901,66.794,-1.4207,37.057,61.222,0.55499,0.55499
25.17,54.134,3334.4,23.026,66.77,-0.96443,36.997,60.954,0.55499,0.55989
25.132,54.038,3332.5,22.95,66.712,0.50119,36.997,61.075,0.55989,0.55989
25.022,54.047,3331.4,22.842,66.679,-0.59735,36.966,60.99,0.55989,0.59829
24.922,52.203,3329.6,23.101,66.619,2.9191,36.935,60.935,0.59829,0.59829
24.98,50.725,3326.9,22.941,66.599,-0.56945,36.951,60.744,0.59829,0.59829
24.925,51.405,3327,22.816,66.573,-0.0012873,36.953,60.859,0.59829,0.56569
25.066,51.703,3327.2,22.852,66.572,0.56129,36.962,60.727,0.56569,0.56569
25.083,51.701,3327.7,23.181,66.549,-2.2541,36.982,60.958,0.56569,0.57624
25.049,50.643,3327.9,22.904,66.532,1.1001,36.975,60.909,0.57624,0.57624
25.109,49.922,3328,22.741,66.498,0.68634,36.975,60.791,0.57624,0.57624
25.27,49.974,3329.8,22.948,66.448,1.7036,36.982,61.014,0.57624,0.59154
25.102,48.387,3332.1,22.815,66.439,2.4068,37.013,61.045,0.59154,0.59154
25.109,50.398,3332.4,22.837,66.4,-0.81784,37.053,60.825,0.59154,0.57664
25.368,48.401,3333.4,22.894,66.347,-0.15457,37.06,60.881,0.57664,0.57664
25.154,49.284,3333.2,22.862,66.32,0.24318,37.073,60.815,0.57664,0.57664
24.866,48.252,3334.6,22.899,66.319,1.6278,37.048,60.612,0.57664,0.58774
25.247,47.837,3336.3,22.913,66.306,1.6476,37.061,60.546,0.58774,0.58774
25.155,48.649,3338.6,22.917,66.224,-1.5445,37.054,60.662,0.58774,0.57588
24.875,48.556,3340.1,23.044,66.17,-1.5197,37.04,60.626,0.57588,0.57588
25.083,49.331,3341.4,23.101,66.127,-0.60662,37.07,60.482,0.57588,0.57588
24.789,48.383,3339.3,22.858,66.096,0.60824,37.059,60.28,0.57588,0.58866
25.056,48.182,3335.5,22.956,66.05,0.21625,37.053,60.041,0.58866,0.58866
24.935,48.194,3331.7,22.809,66.01,1.8253,37.044,60.07,0.58866,0.58674
25.26,48.782,3329,22.933,66.012,-1.6031,37.058,60.017,0.58674,0.58674
25.092,48.379,3326.9,23.106,66.009,-0.76888,37.06,59.831,0.58674,0.58674
25.16,44.636,3325.2,22.837,65.997,2.0603,37.077,59.985,0.58674,0.60577
25.082,45.229,3322.5,22.892,66.01,1.5776,37.127,59.892,0.60577,0.60577
25.155,45.375,3321.3,22.562,66.046,-1.1352,37.111,59.579,0.60577,0.60147
25.067,47.795,3321.2,22.699,66.02,0.80141,37.159,59.702,0.60147,0.60147
25.163,47.335,3322.6,22.797,66.011,-0.55247,37.177,59.598,0.60147,0.60147
25.361,45.314,3323.5,23.065,66.005,-1.1911,37.169,59.603,0.60147,0.61161
25.297,45.248,3325,22.751,65.99,0.40415,37.218,59.46,0.61161,0.61161
25.32,44.838,3326.2,22.768,65.925,-0.48113,37.26,59.564,0.61161,0.62542
25.277,45.981,3326,22.98,65.926,0.39014,37.3,59.472,0.62542,0.62542
25.297,46.316,3325,22.615,65.881,0.44233,37.37,59.471,0.62542,0.62542
25.387,44.631,3325.4,23.041,65.952,-0.75725,37.423,59.384,0.62542,0.62146
25.403,46.228,3323.9,22.656,65.926,-1.7217,37.519,59.502,0.62146,0.62146
25.323,43.952,3326.5,22.693,66.013,-2.3797,37.569,59.46,0.62146,0.62169
25.403,43.96,3326.6,22.953,66.02,-2.6963,37.618,59.599,0.62169,0.62169
25.55,46.179,3330.3,22.777,66.107,-0.90796,37.665,59.589,0.62169,0.62169
25.322,46.544,3334.1,22.733,66.144,-1.517,37.685,59.721,0.62169,0.63956
25.415,46.526,3336.9,22.988,66.186,1.0738,37.726,59.795,0.63956,0.63956
25.257,48.946,3340.7,22.803,66.227,1.8257,37.705,59.759,0.63956,0.61981
25.392,49.916,3341.3,22.85,66.273,1.5169,37.723,59.563,0.61981,0.61981
25.586,49.466,3342.3,22.739,66.274,-0.72274,37.701,59.705,0.61981,0.61981
25.601,50.716,3341.4,22.884,66.272,0.18248,37.673,59.582,0.61981,0.61255
25.533,49.411,3341.2,22.852,66.238,0.66544,37.657,59.598,0.61255,0.61255
25.503,51.792,3337.6,23.014,66.284,1.3082,37.611,59.453,0.61255,0.60682
25.562,52.397,3332.4,23.058,66.303,1.76,37.596,59.456,0.60682,0.60682
25.596,51.011,3330.7,22.826,66.36,-0.58923,37.633,59.54,0.60682,0.60682
25.515,52.635,3328.5,22.871,66.458,0.80955,37.61,59.364,0.60682,0.61554
25.561,52.727,3327.1,22.679,66.523,-1.5819,37.631,59.505,0.61554,0.61554
25.44,54.015,3325.4,23.102,66.612,-0.63456,37.633,59.759,0.61554,0.61563
25.583,52.796,3327,22.929,66.729,-0.096838,37.657,59.543,0.61563,0.61563
25.499,50.949,3328.3,22.942,66.83,1.5812,37.671,59.881,0.61563,0.61563
25.701,51.675,3332.5,22.826,66.95,-1.2361,37.644,59.993,0.61563,0.61371
25.832,50.935,3335.1,22.869,67.094,-2.4129,37.664,59.988,0.61371,0.61371
25.678,52.645,3338.5,22.926,67.237,0.22667,37.642,60.376,0.61371,0.59498
25.646,51.598,3340,22.897,67.347,1.7677,37.569,60.455,0.59498,0.59498
25.559,51.611,3342,22.996,67.398,1.9404,37.527,60.662,0.59498,0.59498
25.413,54.25,3338.4,22.953,67.445,0.069768,37.494,60.77,0.59498,0.56129
25.622,53.817,3336.7,22.768,67.511,0.73068,37.396,60.82,0.56129,0.56129
25.469,55.679,3334.6,22.715,67.519,-0.92133,37.367,60.802,0.56129,0.55905
25.345,54.802,3333,22.877,67.514,-0.21364,37.283,60.694,0.55905,0.55905
25.163,55.098,3330.2,23.122,67.498,2.5279,37.202,60.69,0.55905,0.55905
25.334,54.668,3330.4,22.869,67.508,0.43692,37.157,60.74,0.55905,0.55538
25.218,55.627,3329.7,23.019,67.533,-0.68606,37.126,60.606,0.55538,0.55538
25.31,54.325,3329.7,22.831,67.506,-1.4052,37.121,60.978,0.55538,0.55636
25.351,53.17,3332.5,22.745,67.502,2.2484,37.081,60.883,0.55636,0.55636
25.011,52.815,3334.5,23.098,67.495,1.2006,37.08,61.111,0.55636,0.55636
25.141,52.369,3334.9,23.077,67.478,-0.36975,37.029,61.33,0.55636,0.5231
25.233,52.427,3336.2,22.869,67.492,0.49042,37.027,61.348,0.5231,0.5231
25.51,52.049,3335.1,22.893,67.502,0.49912,37,61.342,0.5231,0.54427
25.162,52.054,3333.6,22.898,67.543,-1.0104,36.974,61.465,0.54427,0.54427
25.405,50.977,3329.6,22.885,67.564,1.1705,36.996,61.566,0.54427,0.54427
24.95,50.712,3330.7,22.895,67.547,-0.48212,36.963,61.849,0.54427,0.53995
25.022,49.838,3330.6,22.833,67.532,0.35163,36.956,61.627,0.53995,0.53995
25.221,49.937,3330.5,22.844,67.503,-1.9738,36.951,61.771,0.53995,0.54642
25.12,49.848,3331.2,22.574,67.463,-0.036781,36.938,62.005,0.54642,0.54642
25.086,50.166,3331.9,23.14,67.453,0.45904,36.912,61.863,0.54642,0.54642
25.137,48.587,3332,22.868,67.413,1.076,36.906,62.093,0.54642,0.51828
25.154,49.61,3332.4,22.728,67.386,-0.017292,36.88,62.109,0.51828,0.51828
25.112,48.116,3333.4,22.769,67.312,-1.2388,36.866,62.302,0.51828,0.52887
24.84,49.583,3332.1,23.062,67.223,1.6961,36.829,62.191,0.52887,0.52887
25.088,47.587,3333.1,23.127,67.216,0.33314,36.868,62.208,0.52887,0.52887
25.113,48.31,3331,22.728,67.16,-1.6318,36.887,62.013,0.52887,0.52732
25.025,50.32,3331.7,22.986,67.062,-1.9159,36.889,62.4,0.52732,0.52732
25.085,47.264,3330.6,22.933,67.052,0.81292,36.911,62.233,0.52732,0.54357
25.057,45.747,3330.3,22.922,67.03,0.99961,36.931,62.326,0.54357,0.54357
25.14,46.925,3330,22.895,67.109,0.87426,36.911,62.393,0.54357,0.54357
25.052,47.232,3331.1,22.874,67.057,-1.5036,36.978,62.61,0.54357,0.52444
25.179,48.901,3330.3,22.928,67.01,-0.74777,36.954,62.51,0.52444,0.52444
25.055,47.876,3331.3,22.952,66.966,-1.5284,36.965,62.493,0.52444,0.53137
24.966,47.548,3331.1,22.844,66.897,-0.75488,36.966,62.676,0.53137,0.53137
25.167,46.245,3331.8,23.023,66.809,1.182,36.98,62.456,0.53137,0.53137
24.981,47.976,3332.5,22.894,66.744,1.0128,37.003,62.442,0.53137,0.529
25.339,46.82,3329.6,22.936,66.658,-2.3877,36.98,62.157,0.529,0.529
25.121,47.766,3329.8,22.709,66.623,0.22678,37.007,62.296,0.529,0.53363
25.318,48.482,3330.1,22.776,66.574,1.1101,37.001,62.196,0.53363,0.53363
25.164,47.619,3329.9,22.782,66.472,0.090268,37.048,62.318,0.53363,0.53363
25.223,47.116,3329.8,23.109,66.367,0.65485,37.069,62.205,0.53363,0.53022
24.992,48.092,3331.4,22.903,66.347,0.58029,37.088,62.122,0.53022,0.53022
25.445,47.466,3332.7,22.967,66.323,-1.6958,37.127,62.136,0.53022,0.54042
25.039,46.107,3333.3,22.827,66.277,0.64185,37.144,62.248,0.54042,0.54042
25.337,48.122,3332.9,22.699,66.214,0.77049,37.182,62.325,0.54042,0.54042
25.293,44.462,3330.6,22.766,66.19,-2.0936,37.216,62.188,0.54042,0.54879
25.246,46.392,3328.2,22.699,66.193,2.2527,37.278,62.114,0.54879,0.54879
25.277,44.598,3328.7,22.858,66.22,-0.39714,37.309,62.144,0.54879,0.58588
25.167,46.092,3328.6,22.997,66.26,-2.9352,37.346,62.17,0.58588,0.58588
25.246,47.109,3329.3,23.119,66.326,0.75162,37.329,62.109,0.58588,0.58588
25.513,46.297,3331.9,23.02,66.32,-2.3422,37.335,62.071,0.58588,0.57379
25.469,49.533,3335.3,22.66,66.294,0.48679,37.338,62.171,0.57379,0.57379
25.394,49.553,3338.6,22.925,66.282,-0.038779,37.356,61.985,0.57379,0.56219
25.395,48.562,3338.8,23.038,66.242,-1.298,37.302,61.986,0.56219,0.56219
25.515,49.606,3338.7,22.56,66.153,-0.61256,37.291,61.933,0.56219,0.56219
25.163,50.074,3336.2,22.67,66.133,-0.61569,37.323,61.635,0.56219,0.56454
25.415,47.525,3333.8,22.797,66.083,0.099425,37.334,61.82,0.56454,0.56454
25.604,49.379,3330.4,22.886,66.089,-0.052523,37.371,61.626,0.56454,0.54927
25.428,47.551,3330.1,22.997,66.12,0.038613,37.338,61.858,0.54927,0.54927
25.376,49.425,3328.1,22.633,66.098,0.036098,37.369,61.894,0.54927,0.54927
25.288,50.266,3325.7,23.031,66.142,-0.12622,37.391,61.755,0.54927,0.58452
25.523,49.54,3325.4,23.005,66.209,0.24784,37.41,61.787,0.58452,0.58452
25.296,48.456,3323.8,22.895,66.286,0.88869,37.433,61.779,0.58452,0.57515
25.591,48.876,3324.2,22.89,66.362,0.89238,37.449,61.725,0.57515,0.57515
25.486,48.628,3324.8,22.849,66.411,0.0063105,37.465,61.817,0.57515,0.57515
25.472,49.615,3327.5,23.019,66.425,-1.6962,37.492,61.973,0.57515,0.57719
25.593,50.809,3329.6,22.882,66.462,-1.1278,37.436,61.965,0.57719,0.57719
25.207,51.074,3330.2,23.028,66.479,1.1811,37.495,62.025,0.57719,0.56299
25.579,50.922,3332.2,22.895,66.434,1.0525,37.485,61.931,0.56299,0.56299
25.634,50.854,3332.9,22.787,66.427,-0.24577,37.444,61.834,0.56299,0.56299
25.411,52.671,3335.2,22.882,66.345,-0.41309,37.449,61.972,0.56299,0.56718
25.453,52.01,3337.2,22.974,66.325,0.022217,37.467,61.868,0.56718,0.56718
25.171,53.506,3338.7,22.806,66.232,-0.40319,37.393,61.74,0.56718,0.59031
25.277,52.606,3342.2,23.133,66.22,-0.19542,37.369,61.706,0.59031,0.59031
25.402,52.44,3342.3,23.008,66.099,-1.4711,37.361,61.658,0.59031,0.59031
25.256,54.199,3341.7,22.732,66.058,-0.54457,37.335,61.554,0.59031,0.585
25.357,52.759,3340.8,22.85,66.018,-1.0868,37.338,61.347,0.585,0.585
25.29,53.775,3339.5,23.232,66.002,0.7733,37.323,61.313,0.585,0.56416
25.284,54.453,3336.8,22.9,65.963,0.40159,37.296,61.063,0.56416,0.56416
25.168,52.978,3335.7,22.719,65.961,-0.38518,37.288,61.248,0.56416,0.56416
25.106,52.773,3334.7,22.822,65.979,0.066931,37.273,61.132,0.56416,0.58073
25.182,53.099,3332.1,22.848,65.926,0.51257,37.281,61.184,0.58073,0.58073
25.385,52.194,3330.5,22.885,65.93,-0.39723,37.227,61.094,0.58073,0.59133
25.294,52.337,3327.7,22.784,65.933,1.8535,37.257,61.017,0.59133,0.59133
25.278,51.741,3327.3,22.904,65.964,2.1935,37.227,61.099,0.59133,0.59133
25.282,54.162,3324.7,22.935,66.016,-0.40691,37.242,60.847,0.59133,0.61183
25.273,51.721,3323.3,22.829,66.032,-1.1401,37.238,60.914,0.61183,0.61183
25.032,50.645,3320.7,22.748,66.035,-0.27084,37.254,60.909,0.61183,0.59166
24.924,51.065,3318.8,22.905,66.016,1.6527,37.279,60.867,0.59166,0.59166
25.404,49.586,3317.5,22.857,66.084,1.7042,37.333,60.707,0.59166,0.59166
25.288,48.619,3317.3,22.809,66.11,0.5547,37.392,60.908,0.59166,0.5975
25.352,49.865,3319.4,22.901,66.146,2.2359,37.438,60.955,0.5975,0.5975
25.304,49.591,3321.8,22.813,66.183,-0.16277,37.501,60.982,0.5975,0.59346
25.314,51.924,3325.3,23.006,66.241,1.2096,37.511,61.045,0.59346,0.59346
25.279,50.212,3327.6,23.041,66.273,1.377,37.574,61.163,0.59346,0.59346
25.551,49.36,3330.4,22.869,66.325,1.7987,37.625,61.332,0.59346,0.60356
25.586,50.431,3332.9,22.979,66.394,1.2275,37.632,61.452,0.60356,0.60356
25.576,49.804,3336.5,22.656,66.467,0.17278,37.679,61.703,0.60356,0.57973
25.452,51.764,3338.9,22.979,66.525,-0.032083,37.709,61.544,0.57973,0.57973
25.762,48.313,3340.9,22.919,66.641,1.9521,37.703,61.712,0.57973,0.57973
25.581,50.908,3342.2,22.851,66.658,-2.3496,37.664,61.943,0.57973,0.5778
25.656,52.728,3342.5,22.917,66.708,-0.41586,37.667,61.933,0.5778,0.5778
25.689,52.452,3342.3,23.068,66.756,1.0801,37.643,62.019,0.5778,0.56772
25.636,52.205,3342.9,22.852,66.774,-0.099087,37.589,62.04,0.56772,0.56772
25.552,53.346,3339.4,23.074,66.746,0.34327,37.559,61.941,0.56772,0.56772
25.48,52.831,3337.2,23.023,66.783,-0.6381,37.519,61.858,0.56772,0.56306
25.267,55.374,3334.8,23.101,66.813,1.8956,37.448,61.842,0.56306,0.56306
25.329,54.918,3333.1,22.999,66.858,0.21292,37.441,61.851,0.56306,0.57443
25.448,53.305,3332.3,22.813,66.857,2.5415,37.366,61.9,0.57443,0.57443
25.491,53.762,3331.1,23.035,66.872,1.8002,37.348,61.975,0.57443,0.57443
25.365,52.733,3332.6,22.858,66.933,0.68979,37.292,61.995,0.57443,0.54589
25.479,53.179,3331.2,23.034,66.963,-1.7362,37.286,61.901,0.54589,0.54589
25.374,53.648,3330.9,23.015,66.99,0.13767,37.257,62.279,0.54589,0.55472
25.505,53.962,3330.9,23.165,67.04,-0.36864,37.196,62.291,0.55472,0.55472
25.223,52.504,3333,22.771,67.023,1.4271,37.207,62.453,0.55472,0.55472
25.301,53.18,3333.2,22.91,66.989,0.48155,37.201,62.496,0.55472,0.53995
25.291,51.656,3334.8,22.922,67.062,-1.6288,37.179,62.528,0.53995,0.53995
25.352,51.205,3337.3,23.03,67.081,-0.21354,37.137,62.736,0.53995,0.53855
25.117,52.027,3337.8,22.868,67.072,-0.44288,37.153,62.732,0.53855,0.53855
25.299,52.237,3336.5,23.164,67.1,0.51425,37.143,62.773,0.53855,0.53855
25.285,51.908,3337.3,23.026,67.192,1.1124,37.11,62.727,0.53855,0.53004
25.256,52.44,3336.3,23.067,67.254,-0.63437,37.075,63.031,0.53004,0.53004
25.247,51.066,3336.1,22.983,67.25,2.4428,37.095,63.104,0.53004,0.50461
25.096,49.504,3336.8,22.849,67.326,-1.9108,37.069,63.174,0.50461,0.50461
25.2,51.944,3335.1,22.834,67.329,-0.23732,37.029,63.27,0.50461,0.50461
25.154,50.14,3332.4,22.982,67.364,0.99671,36.974,62.935,0.50461,0.50904
25.224,51.863,3332.4,22.788,67.38,0.61033,36.928,63.209,0.50904,0.50904
25.015,49.748,3330.3,23.075,67.395,0.35311,36.91,63.2,0.50904,0.51736
25.189,50.32,3329.7,23.066,67.37,1.0509,36.882,63.242,0.51736,0.51736
24.879,53.012,3329.7,22.98,67.366,-1.6024,36.868,63.2,0.51736,0.51736
25.291,51.691,3331.7,22.998,67.393,1.3791,36.835,63.305,0.51736,0.49706
24.855,48.898,3331.1,22.883,67.398,0.62357,36.857,63.083,0.49706,0.49706
25.035,50.678,3333.2,22.727,67.426,1.0718,36.869,63.311,0.49706,0.50504
24.989,49.574,3335.4,22.957,67.47,0.0093841,36.845,63.236,0.50504,0.50504
25.051,48.324,3335.5,22.889,67.458,-0.60849,36.779,63.321,0.50504,0.50504
25.131,50.303,3337,22.995,67.469,-1.1035,36.797,63.491,0.50504,0.49052
24.887,51.319,3339.8,22.776,67.504,0.071491,36.752,63.508,0.49052,0.49052
24.969,51.129,3339.3,22.866,67.493,-0.49504,36.712,63.225,0.49052,0.48232
25.095,51.642,3339.7,22.758,67.492,0.79565,36.697,63.44,0.48232,0.48232
24.919,52.497,3338.1,22.797,67.482,0.062378,36.655,63.223,0.48232,0.48232
24.999,51.537,3335.9,22.824,67.468,0.90172,36.629,63.21,0.48232,0.47917
24.881,51.534,3334.4,22.972,67.486,0.47394,36.548,63.083,0.47917,0.47917
24.915,49.944,3334,22.885,67.486,-1.5411,36.517,63.133,0.47917,0.4774
24.787,49.897,3330.4,22.969,67.454,-2.2493,36.507,62.909,0.4774,0.4774
24.655,48.978,3328.7,22.718,67.458,-1.2707,36.466,62.86,0.4774,0.4774
24.638,50.174,3326.7,22.904,67.448,-1.0499,36.43,62.714,0.4774,0.47107
24.593,49.71,3324.6,22.878,67.418,0.19356,36.404,62.763,0.47107,0.47107
24.803,49.726,3323.9,22.761,67.418,0.89205,36.385,62.581,0.47107,0.45572
24.705,48.843,3322.7,23.057,67.359,-0.085664,36.334,62.512,0.45572,0.45572
24.558,47.537,3322.9,22.726,67.313,-0.49189,36.32,62.377,0.45572,0.45572
24.598,48.556,3326.6,22.792,67.246,-0.06291,36.299,62.371,0.45572,0.47561
24.427,48.11,3330.5,22.998,67.144,-0.4563,36.296,62.311,0.47561,0.47561
24.418,48.464,3334.8,22.859,67.043,-1.1429,36.248,62.135,0.47561,0.47592
24.498,46.143,3338.5,22.63,66.913,-2.7755,36.235,61.835,0.47592,0.47592
24.407,47.563,3340.6,22.916,66.785,0.052772,36.23,61.733,0.47592,0.47592
24.522,46.139,3342.5,22.845,66.643,0.028952,36.217,61.535,0.47592,0.48349
24.578,46.256,3341.4,23.065,66.471,-0.21855,36.159,61.33,0.48349,0.48349
24.526,47.525,3340.7,22.771,66.324,0.89365,36.175,61.046,0.48349,0.48671
24.416,44.034,3339.8,22.983,66.171,1.179,36.187,61.072,0.48671,0.48671
24.553,42.28,3337.7,22.688,66.08,0.48871,36.182,60.787,0.48671,0.48671
24.486,41.133,3331.6,22.914,66.011,-0.7017,36.194,60.614,0.48671,0.52872
24.603,42.296,3327.2,22.623,65.937,0.98307,36.234,60.265,0.52872,0.52872
24.522,40.766,3323.1,22.758,65.823,0.49738,36.267,60.284,0.52872,0.57076
24.633,37.62,3320.1,22.796,65.769,-0.10927,36.273,59.908,0.57076,0.57076
24.537,39.438,3322.5,22.749,65.663,1.889,36.296,60.007,0.57076,0.57076
24.389,36.526,3325.5,22.637,65.556,-1.3407,36.327,60.002,0.57076,0.5797
24.489,37.036,3329.5,22.832,65.439,-0.41239,36.374,59.842,0.5797,0.5797
24.488,34.671,3330.8,22.62,65.288,-0.41754,36.449,59.731,0.5797,0.61864
24.566,34.119,3325.9,22.468,65.199,2.1789,36.512,59.366,0.61864,0.61864
24.71,31.879,3318.8,22.665,65.08,-1.3423,36.593,59.252,0.61864,0.61864
24.57,32.725,3313.3,22.622,64.961,-1.0252,36.718,59.134,0.61864,0.65692
24.845,31.464,3310.1,22.488,64.909,-1.5022,36.796,59.19,0.65692,0.65692
24.781,30.489,3307.5,22.553,64.79,0.090522,36.895,59.033,0.65692,0.67528
24.974,31.332,3306.9,22.934,64.683,1.0791,37.028,59.15,0.67528,0.67528
25.035,30.424,3309,22.613,64.634,-1.3798,37.177,59.096,0.67528,0.67528
25.062,30.54,3310,22.781,64.541,1.97,37.264,58.995,0.67528,0.68828
25.218,30.158,3311.8,22.771,64.459,0.42246,37.448,58.956,0.68828,0.68828
25.473,29.391,3313,22.492,64.44,0.64802,37.59,58.722,0.68828,0.70967
25.428,30.374,3314.3,22.49,64.422,0.66298,37.715,58.781,0.70967,0.70967
25.442,31.666,3313.6,22.853,64.353,-0.79628,37.816,58.655,0.70967,0.70967
25.476,31.266,3313.2,22.582,64.295,1.316,37.937,58.773,0.70967,0.72498
25.732,32.344,3310.8,22.594,64.281,-2.308,38.091,58.541,0.72498,0.72498
25.691,32.086,3307.1,22.564,64.268,0.30515,38.143,58.567,0.72498,0.75021
25.829,33.332,3306.6,22.564,64.241,-0.2864,38.277,58.643,0.75021,0.75021
26.073,34.813,3305.2,22.473,64.318,-0.22936,38.381,58.528,0.75021,0.75021
25.915,36.247,3304.5,22.589,64.338,-0.13649,38.465,58.601,0.75021,0.77097
26.126,37.01,3303.7,22.603,64.434,0.7347,38.557,58.433,0.77097,0.77097
25.881,39.459,3303.5,22.772,64.502,-1.5163,38.596,58.393,0.77097,0.77108
26.255,41.197,3303.8,22.702,64.478,-0.28105,38.622,58.447,0.77108,0.77108
26.159,41.419,3305.9,22.75,64.499,-1.333,38.689,58.477,0.77108,0.77108
26.089,42.286,3304,22.868,64.61,-0.45682,38.742,58.268,0.77108,0.77739
26.413,43.521,3302.3,22.891,64.636,-2.859,38.791,58.449,0.77739,0.77739
26.31,44.103,3300.1,22.647,64.695,-1.983,38.832,58.391,0.77739,0.79165
26.276,45.695,3295,22.939,64.698,0.58942,38.835,58.52,0.79165,0.79165
26.175,47.809,3293.6,22.871,64.801,-1.16,38.873,58.583,0.79165,0.79165
26.244,47.988,3292.3,22.703,64.895,-1.3611,38.93,58.498,0.79165,0.77212
26.374,49.375,3292.3,22.917,65.009,-1.0771,38.96,58.663,0.77212,0.77212
26.371,49.82,3293.3,22.92,65.175,-1.7947,38.949,58.742,0.77212,0.77626
26.446,51.505,3294.9,22.601,65.319,-0.11844,38.914,58.795,0.77626,0.77626
26.262,54.272,3297,22.957,65.372,1.8057,38.936,58.838,0.77626,0.77626
26.324,57.321,3298.6,22.77,65.446,-2.6912,38.852,58.9,0.77626,0.76094
26.359,56.291,3300.2,22.7,65.52,-2.8454,38.813,58.753,0.76094,0.76094
26.275,58.94,3301.8,22.863,65.576,-1.9987,38.79,58.718,0.76094,0.74396
26.536,60.838,3304.3,22.865,65.608,1.7176,38.756,58.962,0.74396,0.74396
26.237,60.323,3306,22.815,65.622,1.8034,38.714,58.839,0.74396,0.74396
26.456,59.515,3308.5,22.931,65.633,-1.7882,38.697,58.907,0.74396,0.73338
26.383,60.913,3312,22.886,65.677,-0.95325,38.653,58.919,0.73338,0.73338
26.316,62.248,3315.3,23.016,65.705,-0.50899,38.653,59.084,0.73338,0.72112
26.318,62.437,3319.3,23.009,65.725,1.4714,38.579,59.146,0.72112,0.72112
26.225,66.559,3321.3,23.154,65.723,0.91887,38.53,59.085,0.72112,0.72112
26.016,65.414,3324,23.072,65.673,-1.72,38.493,59.275,0.72112,0.74717
26.231,63.678,3326,23.229,65.666,1.1073,38.497,59.1,0.74717,0.74717
26.189,65.902,3328.4,23.124,65.7,2.8282,38.516,59.373,0.74717,0.72244
26.316,63.789,3331.6,22.865,65.727,-0.58857,38.5,59.334,0.72244,0.72244
26.259,63.878,3336.5,22.981,65.778,-0.36989,38.467,59.366,0.72244,0.72244
26.297,65.159,3341.1,22.966,65.843,0.88421,38.493,59.541,0.72244,0.723
26.107,65.656,3342.1,23.18,65.96,0.18961,38.44,59.644,0.723,0.723
25.988,68.333,3343.2,23.135,66.021,-1.4571,38.383,60.013,0.723,0.69828
26.192,68.425,3342,23.287,66.075,-2.1767,38.322,60.158,0.69828,0.69828
26.222,67.32,3340.2,23.032,66.136,1.1626,38.313,60.27,0.69828,0.69828
25.953,68.365,3336.3,23.318,66.171,-0.63049,38.242,60.124,0.69828,0.70868
26.107,68.276,3333.2,23.044,66.217,1.8768,38.16,60.175,0.70868,0.70868
25.936,68.708,3332.3,23.018,66.249,-2.1373,38.135,60.22,0.70868,0.69638
25.762,68.707,3333.4,23.042,66.313,0.23951,38.033,60.256,0.69638,0.69638
25.803,68.108,3334.8,23.198,66.358,0.17466,38.005,60.311,0.69638,0.69638
25.983,66.55,3336.9,23.045,66.458,-0.4014,38.002,60.389,0.69638,0.6769
25.843,66.081,3338.9,23.073,66.513,-1.3989,37.93,60.448,0.6769,0.6769
25.803,66.14,3342.6,23.009,66.62,-0.48959,37.889,60.64,0.6769,0.66567
26.008,65.282,3343.9,23.115,66.724,1.35,37.821,61.013,0.66567,0.66567
25.68,67.294,3344.3,23.062,66.846,1.1792,37.804,61.127,0.66567,0.66567
25.732,65.015,3341.5,23.148,66.971,0.41003,37.747,61.135,0.66567,0.64306
25.723,64.077,3335.3,23.152,67.089,0.20462,37.637,61.275,0.64306,0.64306
25.302,64.798,3327.5,23.03,67.11,-0.14684,37.495,61.401,0.64306,0.62661
25.812,63.82,3320.1,23.24,67.127,0.10093,37.437,61.353,0.62661,0.62661
25.485,64.888,3316.8,23.046,67.08,1.2522,37.329,61.307,0.62661,0.62661
25.474,63.514,3315.6,23.024,67.017,1.2629,37.229,61.267,0.62661,0.63284
25.274,64.823,3316.9,23.239,66.846,-0.75079,37.15,61.291,0.63284,0.63284
25.072,62.905,3322.6,23.039,66.679,0.78522,37.112,61.292,0.63284,0.60412
25.281,64.102,3326.8,22.901,66.464,-0.73845,37.043,61.166,0.60412,0.60412
25.375,64.077,3331.9,22.99,66.241,-1.153,36.988,61.076,0.60412,0.60412
25.139,60.716,3338.1,23.092,66.054,-0.054917,36.977,60.88,0.60412,0.61935
25.212,61.726,3341,23.015,65.85,0.023164,37.014,60.749,0.61935,0.61935
25.212,59.808,3345.6,22.969,65.697,-0.93324,37.029,60.604,0.61935,0.626
25.26,60.764,3349.2,22.935,65.533,0.92659,37.056,60.709,0.626,0.626
25.047,58.143,3351.5,22.762,65.443,-0.10641,37.019,60.679,0.626,0.626
25.052,57.813,3351.3,22.765,65.344,-0.92319,37.037,60.319,0.626,0.62421
25.073,56.879,3350,22.879,65.303,-0.087826,37.082,60.331,0.62421,0.62421
25.191,57.149,3349,22.92,65.247,0.41661,37.063,60.195,0.62421,0.65721
25.283,55.395,3344.6,22.944,65.309,0.75837,37.079,59.783,0.65721,0.65721
25.116,54.483,3343.7,22.887,65.344,1.4237,37.062,60.05,0.65721,0.65721
25.049,53.25,3339.6,23.067,65.394,1.1774,37.011,59.68,0.65721,0.65079
25.297,52.583,3334.6,22.875,65.418,0.37281,37.009,59.689,0.65079,0.65079
25.059,51.886,3331.4,22.765,65.499,-0.64582,36.96,59.761,0.65079,0.65859
25.005,50.946,3326.1,22.975,65.546,0.025719,36.99,59.542,0.65859,0.65859
25.047,51.416,3321,23.062,65.637,0.11792,36.984,59.682,0.65859,0.65859
25.049,48.9,3315.9,22.791,65.656,0.35223,36.978,59.387,0.65859,0.66634
24.959,47.549,3314,22.914,65.73,1.7912,36.945,59.405,0.66634,0.66634
25.17,48.83,3314.3,22.887,65.702,-0.82655,36.922,59.354,0.66634,0.64431
25.093,45.981,3316.8,22.763,65.756,1.934,36.955,59.376,0.64431,0.64431
25.062,45.587,3319.2,22.727,65.733,-0.45888,36.924,59.356,0.64431,0.64431
25.103,46.65,3321.5,23.052,65.696,-1.7256,36.934,59.232,0.64431,0.63854
25.077,44.611,3325.5,22.858,65.615,0.93252,37.022,59.325,0.63854,0.63854
25.039,45.612,3329.3,22.808,65.563,-0.64903,36.984,59.136,0.63854,0.65621
25.113,42.653,3330.6,22.599,65.477,0.34861,37.032,59.111,0.65621,0.65621
25.273,42.721,3332.4,22.955,65.425,-0.47254,37.1,59.138,0.65621,0.65621
25.064,41.24,3331.4,22.941,65.442,-1.2277,37.18,58.913,0.65621,0.67591
25.386,40.548,3330.2,22.933,65.466,-1.47,37.263,59.037,0.67591,0.67591
25.425,42.085,3328,22.573,65.465,0.036911,37.287,58.976,0.67591,0.66918
25.192,41.881,3326.6,22.63,65.532,1.301,37.372,59.156,0.66918,0.66918
25.312,41.085,3326,22.825,65.603,-1.1804,37.477,59.373,0.66918,0.66918
25.533,40.648,3326.8,22.65,65.741,0.71498,37.519,59.273,0.66918,0.66475
25.496,41.55,3327.4,22.633,65.85,-1.1887,37.569,59.305,0.66475,0.66475
25.454,40.979,3330.5,22.813,65.929,0.37632,37.535,59.527,0.66475,0.65581
25.462,40.884,3332.4,22.668,66.049,0.86527,37.636,59.574,0.65581,0.65581
25.458,41.801,3335.2,22.728,66.142,-1.7097,37.653,59.573,0.65581,0.65581
25.408,43.031,3336.5,22.701,66.21,-0.57073,37.672,59.592,0.65581,0.63692
25.655,45.04,3335.9,22.848,66.312,-1.2638,37.649,59.35,0.63692,0.63692
25.696,43.576,3336.4,22.787,66.4,-0.1831,37.646,59.319,0.63692,0.62383
25.704,43.518,3336.3,22.769,66.495,-0.20536,37.649,59.444,0.62383,0.62383
25.517,44.906,3336.4,22.618,66.557,-0.14897,37.643,59.57,0.62383,0.62383
25.545,46.301,3338,22.724,66.674,-1.1421,37.607,59.503,0.62383,0.62523
25.597,46.929,3339.3,22.882,66.732,-0.8986,37.596,59.784,0.62523,0.62523
25.757,47.499,3338.4,22.769,66.792,-0.33547,37.553,59.636,0.62523,0.61515
25.449,46.531,3339.4,22.791,66.89,0.72034,37.515,59.568,0.61515,0.61515
25.481,48.504,3338.8,22.861,66.954,1.0526,37.449,59.786,0.61515,0.61515
25.428,48.713,3338.8,23.034,66.953,-1.9185,37.412,59.955,0.61515,0.59588
25.344,46.922,3336.9,22.78,66.99,-1.961,37.349,59.901,0.59588,0.59588
25.387,48.794,3337.3,22.808,67.076,-0.42363,37.301,59.922,0.59588,0.59206
25.218,48.276,3335.2,22.72,67.111,0.22347,37.265,59.784,0.59206,0.59206
25.481,49.072,3333.2,22.97,67.122,-0.56713,37.226,59.909,0.59206,0.59206
25.427,50.61,3333.7,22.734,67.192,0.19093,37.17,59.93,0.59206,0.57846
25.426,48.524,3332.3,22.779,67.253,-0.32509,37.144,59.902,0.57846,0.57846
25.085,47.435,3332.7,23.022,67.302,0.72725,37.082,59.92,0.57846,0.57348
25.214,49.921,3333.3,22.929,67.349,-2.7542,37.01,60.002,0.57348,0.57348
24.921,48.879,3333.1,22.945,67.346,-0.97263,36.974,60.041,0.57348,0.57348
25.124,50.518,3332.5,22.828,67.348,-2.6951,36.919,59.985,0.57348,0.5646
24.948,47.433,3331.5,22.712,67.353,-0.11658,36.871,59.968,0.5646,0.5646
24.785,48.191,3330.4,22.866,67.369,1.5512,36.854,59.904,0.5646,0.5601
24.823,49.041,3330,22.641,67.335,0.075019,36.888,60.215,0.5601,0.5601
25.081,45.961,3329.8,23.032,67.327,1.4513,36.848,60.199,0.5601,0.5601
24.691,46.841,3330.1,23.023,67.366,0.02676,36.816,60.241,0.5601,0.56293
25.008,46.754,3331.8,22.924,67.371,-0.98698,36.831,60.393,0.56293,0.56293
24.994,47.396,3332.4,22.893,67.409,2.3723,36.795,60.405,0.56293,0.54724
25.091,46.388,3332,22.86,67.44,-0.018468,36.797,60.48,0.54724,0.54724
25.201,46.6,3331.1,22.808,67.452,-1.3672,36.766,60.599,0.54724,0.54724
24.844,45.764,3328.9,22.876,67.453,0.86198,36.746,60.487,0.54724,0.53711
24.639,48.323,3328.3,22.603,67.418,-0.070622,36.755,60.423,0.53711,0.53711
24.916,46.732,3325.5,22.721,67.427,0.78005,36.793,60.345,0.53711,0.52869
24.867,46.975,3324.6,22.962,67.413,1.6777,36.781,60.512,0.52869,0.52869
24.892,47.114,3327.2,22.831,67.405,1.2004,36.757,60.524,0.52869,0.52869
24.792,44.569,3328.7,22.927,67.329,-0.59431,36.832,60.697,0.52869,0.52783
24.798,45.429,3331.3,22.77,67.429,-0.24419,36.84,60.639,0.52783,0.52783
24.91,43.894,3334.2,22.761,67.479,-0.52236,36.914,60.963,0.52783,0.54028
25.098,43.357,3335,22.679,67.511,1.2638,36.957,60.989,0.54028,0.54028
25.088,44.601,3337.2,22.872,67.623,1.272,36.946,60.891,0.54028,0.54028
25.123,43.079,3340.5,22.93,67.725,0.33344,37.007,61.249,0.54028,0.5224
25.036,42.915,3341.5,22.824,67.803,-0.32771,37.036,61.549,0.5224,0.5224
25.157,44.009,3342.5,22.811,67.938,0.94305,36.994,61.579,0.5224,0.51407
25.379,43.003,3340.3,22.642,68.058,1.2136,37.023,61.697,0.51407,0.51407
25.118,45.179,3338.6,22.638,68.161,0.59408,37.012,61.819,0.51407,0.51407
25.197,44.017,3337.3,22.922,68.28,0.070741,36.988,62.019,0.51407,0.50205
25.444,42.467,3337.5,22.721,68.354,0.97839,36.978,62.029,0.50205,0.50205
25.174,45.527,3336.6,22.746,68.43,-2.2217,36.945,62.341,0.50205,0.50368
25.172,44.814,3334.5,22.779,68.529,-0.98847,36.835,62.241,0.50368,0.50368
25.13,46.387,3330.7,22.883,68.571,1.1322,36.758,62.506,0.50368,0.50368
24.898,47.139,3326.2,22.637,68.488,2.4183,36.712,62.711,0.50368,0.48383
24.942,46.578,3322.1,22.688,68.464,-0.075024,36.677,62.772,0.48383,0.48383
25.01,46.81,3319.8,22.843,68.373,1.1384,36.561,62.8,0.48383,0.49403
24.781,44.978,3319.1,22.745,68.204,-0.88787,36.52,62.782,0.49403,0.49403
24.862,46.54,3319.6,22.78,68.019,-0.60273,36.437,62.743,0.49403,0.49403
24.981,46.338,3320.7,22.657,67.78,-0.60127,36.403,62.62,0.49403,0.47003
24.73,47.802,3325.4,23.09,67.571,-1.4802,36.399,62.507,0.47003,0.47003
24.868,46.664,3328.6,22.887,67.36,1.6185,36.402,62.257,0.47003,0.47411
24.613,45.917,3332.3,22.719,67.114,0.98301,36.416,62.245,0.47411,0.47411
24.664,45.496,3334.5,22.826,66.912,0.8936,36.454,62.1,0.47411,0.47411
24.87,44.732,3336.5,22.765,66.723,-0.74755,36.548,62.165,0.47411,0.51117
24.739,45.238,3336.4,22.773,66.589,-0.19716,36.604,62.031,0.51117,0.51117
24.868,45.067,3335.7,22.778,66.495,0.88757,36.693,61.982,0.51117,0.51273
24.965,45.61,3334.7,22.603,66.454,0.30762,36.785,61.936,0.51273,0.51273
24.779,43.964,3336.1,22.881,66.416,-1.2142,36.786,62.095,0.51273,0.51273
24.992,45.572,3338.6,22.667,66.354,-1.6203,36.868,62.094,0.51273,0.52312
25.038,47.377,3339.7,22.776,66.356,0.30865,36.894,61.767,0.52312,0.52312
24.823,47.266,3343.7,22.834,66.356,-0.93182,36.927,61.732,0.52312,0.54429
24.983,45.99,3344.9,22.914,66.283,-1.4636,36.945,61.68,0.54429,0.54429
25.118,46.899,3342.7,22.872,66.246,0.98056,36.98,61.277,0.54429,0.54429
25.091,46.538,3340.4,22.759,66.184,-0.34428,36.999,61.325,0.54429,0.55472
25.014,46.541,3337.7,22.74,66.148,0.59974,36.981,61.099,0.55472,0.55472
24.935,45.714,3333.3,22.798,66.143,-0.95649,37.004,60.975,0.55472,0.54404
25.259,46.356,3326.9,22.633,66.137,-3.0743,36.992,60.785,0.54404,0.54404
25.033,46.275,3322.7,22.724,66.142,0.39926,37.023,60.96,0.54404,0.54404
25.208,46.022,3318.2,22.76,66.158,1.3185,37.043,60.852,0.54404,0.57347
25.243,45.556,3316.2,23.076,66.171,-0.79998,37.083,60.91,0.57347,0.57347
25.137,45.026,3313.4,22.892,66.27,0.0076736,37.105,60.877,0.57347,0.55403
25.269,45.649,3313.1,22.738,66.291,-0.70862,37.143,60.735,0.55403,0.55403
25.015,43.676,3313.5,22.756,66.303,-1.5036,37.196,60.905,0.55403,0.55403
25.2,45.586,3315,22.966,66.319,-0.038604,37.238,60.655,0.55403,0.58837
25.091,44.885,3319.7,22.832,66.318,-0.88862,37.309,60.923,0.58837,0.58837
25.197,46.529,3326,22.986,66.254,-0.6639,37.342,60.932,0.58837,0.57184
25.435,46.826,3332.3,22.859,66.222,0.81715,37.369,60.867,0.57184,0.57184
25.264,47.003,3338.2,22.621,66.185,-0.1987,37.377,60.791,0.57184,0.57184
25.341,49.325,3341.9,22.857,66.139,-0.047967,37.396,60.691,0.57184,0.57925
25.265,47.614,3342.6,22.827,66.053,0.31198,37.424,60.419,0.57925,0.57925
25.21,49.083,3344.4,22.717,65.998,2.7564,37.396,60.46,0.57925,0.59928
25.286,49.778,3343.7,23.021,65.905,-0.53263,37.436,60.368,0.59928,0.59928
25.163,49.762,3342.2,22.964,65.861,3.4764,37.412,60.225,0.59928,0.59928
25.269,48.424,3340.6,23.046,65.862,0.40503,37.441,60.205,0.59928,0.60569
25.187,52.497,3336.8,22.839,65.859,-0.17788,37.422,59.877,0.60569,0.60569
25.296,50.165,3333.5,22.965,65.891,1.3055,37.432,59.842,0.60569,0.62067
25.366,52.653,3329.5,22.778,65.887,0.67783,37.45,59.617,0.62067,0.62067
25.45,53.89,3325.8,22.913,65.93,1.6473,37.454,59.781,0.62067,0.62067
25.185,50.582,3323.1,23.25,65.97,2.1372,37.469,59.544,0.62067,0.62142
25.228,50.63,3320.1,22.964,66.062,1.4768,37.512,59.762,0.62142,0.62142
25.141,50.919,3318.8,22.902,66.105,-0.71218,37.491,59.69,0.62142,0.6228
25.342,51.631,3316.6,22.885,66.11,0.64898,37.551,59.578,0.6228,0.6228
25.474,53.249,3319.6,22.897,66.202,-0.8307,37.532,59.711,0.6228,0.6228
25.284,54.214,3322.5,22.956,66.19,0.42393,37.558,59.671,0.6228,0.61852
25.411,51.991,3326.3,22.643,66.211,-0.79914,37.579,59.498,0.61852,0.61852
25.4,51.911,3329.6,22.929,66.226,-1.6586,37.592,59.536,0.61852,0.62797
25.75,52.732,3332,22.79,66.216,0.72875,37.643,59.719,0.62797,0.62797
25.419,53.831,3334.9,22.685,66.247,-0.090423,37.661,59.607,0.62797,0.62797
25.597,54.064,3334.7,22.98,66.263,-0.74786,37.68,59.543,0.62797,0.61024
25.633,53.73,3334.2,23.009,66.296,0.42766,37.708,59.823,0.61024,0.61024
25.532,53.91,3335.1,22.951,66.314,0.093768,37.76,59.8,0.61024,0.62179
25.689,53.313,3335.8,22.926,66.4,1.3221,37.773,59.831,0.62179,0.62179
25.523,54.813,3336.9,22.92,66.502,0.84659,37.805,60.11,0.62179,0.62179
25.716,55.177,3338.7,22.984,66.678,1.4648,37.83,60.197,0.62179,0.59574
25.325,54.962,3339.1,23.008,66.803,1.2509,37.859,60.277,0.59574,0.59574
25.666,56.092,3338.8,22.769,66.944,0.13954,37.846,60.377,0.59574,0.61624
25.593,55.749,3337.8,22.942,67.089,1.2193,37.821,60.454,0.61624,0.61624
25.672,57.264,3339.5,22.828,67.276,-0.62148,37.761,60.648,0.61624,0.61624
25.58,58.028,3339.4,23.13,67.407,1.5175,37.73,60.789,0.61624,0.59556
25.887,57.126,3340,23.001,67.549,-1.1664,37.718,60.935,0.59556,0.59556
25.789,58.462,3337.9,23.171,67.665,-0.12555,37.633,61.165,0.59556,0.57296
25.693,58.379,3335,22.937,67.722,0.060286,37.58,60.901,0.57296,0.57296
25.668,60.768,3331.4,23.167,67.785,-0.075513,37.432,61.017,0.57296,0.57296
25.404,60.573,3328.5,23.191,67.76,-1.31,37.323,61.239,0.57296,0.5491
25.588,58.682,3327.5,22.869,67.728,-0.31976,37.274,61.099,0.5491,0.5491
25.299,58.166,3325.7,23.011,67.692,-2.2442,37.162,61.138,0.5491,0.55251
25.026,60.512,3326.6,23.085,67.579,-1.0121,37.084,61.128,0.55251,0.55251
25.419,58.899,3328.4,23.069,67.484,-0.22768,37.059,61.072,0.55251,0.55251
25.342,58.806,3328.1,23.179,67.411,0.081122,36.995,60.914,0.55251,0.55769
25.214,55.904,3330.7,22.902,67.309,-0.50196,36.99,60.958,0.55769,0.55769
25.149,57.213,3331,23.069,67.203,1.9861,36.957,61.118,0.55769,0.53857
25.065,58.116,3332.7,22.951,67.145,0.17186,36.943,61.162,0.53857,0.53857
24.956,57.537,3335,22.938,67.084,-0.079099,36.923,61.196,0.53857,0.53857
25.143,58.393,3334.5,23.012,66.978,0.046141,36.965,61.319,0.53857,0.55094
25.048,55.385,3334.5,22.832,66.912,-1.3395,36.994,61.284,0.55094,0.55094
25.082,56.581,3333.6,22.886,66.867,-0.6737,36.968,61.266,0.55094,0.55316
24.958,55.59,3333.6,22.863,66.834,-0.75957,36.962,61.26,0.55316,0.55316
25.261,55.285,3332,22.94,66.775,-0.54535,37.063,61.154,0.55316,0.55316
25.15,55.361,3331.6,22.985,66.774,0.79571,37.051,61.381,0.55316,0.56949
25.148,54.538,3332.9,22.936,66.728,-0.34086,37.054,61.481,0.56949,0.56949
25.222,53.253,3333.2,23.057,66.757,-0.29236,37.052,61.183,0.56949,0.56384
25.225,55.114,3332.6,22.954,66.743,-0.92798,37.083,61.274,0.56384,0.56384
25.267,55.808,3332.5,22.893,66.745,-0.30327,37.045,61.063,0.56384,0.56384
25.003,53.579,3334.6,23.116,66.716,0.63255,37.044,61.17,0.56384,0.57033
25.21,53.364,3334.4,23.15,66.655,0.0079257,37.045,61.037,0.57033,0.57033
25.133,51.909,3335.8,22.827,66.615,0.16938,37.059,61.105,0.57033,0.58349
25.131,53.843,3334.9,23.043,66.529,0.062589,37.066,61.151,0.58349,0.58349
25.345,51.662,3334.1,22.982,66.557,2.5364,37.088,60.955,0.58349,0.58349
24.963,51.089,3332.4,22.946,66.552,-0.54245,37.1,60.885,0.58349,0.56035
25.312,53.808,3331.3,22.817,66.55,-0.38104,37.124,61.044,0.56035,0.56035
25.031,50.96,3332.8,22.884,66.572,-1.8105,37.112,61.002,0.56035,0.57528
25.267,51.485,3331.9,23.267,66.624,0.62337,37.153,61.057,0.57528,0.57528
25.24,49.988,3335.9,22.818,66.639,1.2481,37.12,61.415,0.57528,0.57528
25.441,51.237,3336.8,22.777,66.619,-0.19236,37.129,61.333,0.57528,0.56631
25.358,51.09,3337.6,22.929,66.638,1.522,37.111,61.531,0.56631,0.56631
25.152,50.285,3335.5,22.941,66.593,-1.1215,37.094,61.28,0.56631,0.58263
25.172,51.868,3334.3,22.903,66.617,-0.7154,37.089,61.14,0.58263,0.58263
25.234,50.305,3332.1,22.866,66.593,1.1214,37.092,61.267,0.58263,0.58263
25.041,51.173,3330.3,22.854,66.596,0.28085,37.032,61.299,0.58263,0.55962
25.313,48.55,3329.8,22.957,66.563,1.958,37.021,61.121,0.55962,0.55962
25.295,49.796,3329.3,22.788,66.57,-0.3359,37.049,61.095,0.55962,0.55496
25.265,50.496,3331,22.836,66.556,-1.7214,36.983,61.22,0.55496,0.55496
25.026,49.183,3332.6,23.132,66.522,-0.62817,36.98,61.118,0.55496,0.55496
25.105,49.248,3332.8,22.77,66.479,1.0874,36.993,61.241,0.55496,0.58142
25.017,50.003,3334.1,22.844,66.462,1.9381,36.971,61.017,0.58142,0.58142
25.045,50.052,3332.4,22.97,66.39,-0.69487,36.998,60.981,0.58142,0.57212
25.045,50.437,3331.5,22.975,66.368,3.4115,36.949,60.912,0.57212,0.57212
25.111,48.904,3331,23.061,66.348,0.36681,36.935,60.845,0.57212,0.57212
24.85,48.658,3331.3,22.887,66.318,0.39761,36.95,60.712,0.57212,0.57316
24.877,47.829,3333.9,23.041,66.3,-0.66053,36.955,60.727,0.57316,0.57316
25.149,47.295,3335.5,23.022,66.289,-0.21145,36.957,60.689,0.57316,0.59338
25.17,47.72,3336.5,22.735,66.209,1.0668,36.909,60.681,0.59338,0.59338
24.719,47.685,3341,22.935,66.136,0.40929,36.925,60.508,0.59338,0.59338
25.021,48.275,3340.8,22.69,66.059,0.06622,36.911,60.551,0.59338,0.58235
24.786,49.588,3341.4,22.905,66.059,-0.9392,36.953,60.245,0.58235,0.58235
24.839,45.849,3339.8,22.904,65.996,-0.50193,36.908,60.283,0.58235,0.6129
25.079,45.361,3337,23.003,65.943,0.69983,36.91,60.354,0.6129,0.6129
24.817,44.467,3333.9,22.982,65.933,-0.21877,36.935,60.166,0.6129,0.6129
25.105,44.26,3330,22.789,65.987,-0.53028,36.925,60.139,0.6129,0.60908
25.26,44.441,3325.1,22.889,65.988,-0.98973,36.934,60.1,0.60908,0.60908
24.993,42.563,3321.2,22.755,66.006,2.4992,36.972,60.048,0.60908,0.6059
25.037,43.342,3319,22.839,66.053,0.38726,36.982,60.059,0.6059,0.6059
25.029,43.306,3317.2,22.788,66.077,1.8621,37.034,60.075,0.6059,0.6059
24.933,43.542,3317.1,22.783,66.097,-0.50734,37.059,60.217,0.6059,0.61732
25.105,41.428,3318.7,22.808,66.089,-0.6737,37.117,60.318,0.61732,0.61732
25.085,41.165,3321.3,22.872,66.136,-1.576,37.15,60.094,0.61732,0.59292
25.303,44.22,3323.1,22.853,66.123,0.46431,37.175,60.294,0.59292,0.59292
25.123,44.419,3328.4,22.929,66.158,-0.14535,37.21,60.187,0.59292,0.59292
25.414,43.497,3330.8,22.615,66.094,-0.006369,37.248,60.139,0.59292,0.61902
25.327,45.585,3334.1,22.712,66.082,0.74803,37.279,60.171,0.61902,0.61902
25.432,43.48,3335.4,22.723,66.056,-2.6079,37.33,60.079,0.61902,0.61266
25.138,43.322,3335.3,22.977,66.006,-0.59178,37.342,60.135,0.61266,0.61266
25.449,43.864,3334.1,22.727,66.007,-0.66289,37.39,60.024,0.61266,0.61266
25.555,46.575,3331.9,22.955,66.053,-1.3411,37.409,59.911,0.61266,0.61708
25.536,44.122,3331.7,22.84,66.078,0.32297,37.466,59.965,0.61708,0.61708
25.391,45.196,3330.3,22.593,66.198,-0.53525,37.525,59.973,0.61708,0.62282
25.528,45.46,3328.5,22.879,66.272,-0.27381,37.541,60.072,0.62282,0.62282
25.441,46.112,3327.8,22.81,66.299,1.3508,37.609,60.124,0.62282,0.62282
25.59,44.229,3328,22.904,66.426,-0.73917,37.645,60.203,0.62282,0.62413
25.601,45.549,3330.6,22.877,66.549,-0.55697,37.667,60.356,0.62413,0.62413
25.714,47.668,3333.4,23.004,66.704,0.9562,37.726,60.268,0.62413,0.59382
25.382,46.087,3335.6,22.71,66.805,-0.60314,37.696,60.547,0.59382,0.59382
25.387,46.837,3337,22.822,66.85,1.0409,37.673,60.616,0.59382,0.59382
25.416,50.061,3339.2,22.8,66.894,-0.44358,37.653,60.65,0.59382,0.6022
25.347,52.124,3338.3,22.949,66.996,0.76751,37.613,60.487,0.6022,0.6022
25.374,52.349,3338.6,22.894,67.004,-0.78723,37.535,60.576,0.6022,0.58022
25.395,51.176,3337.9,22.833,66.975,-2.4503,37.461,60.672,0.58022,0.58022
25.443,51.719,3338.5,22.921,66.928,-0.82208,37.402,60.662,0.58022,0.58022
25.361,55.089,3340,22.925,66.867,0.6408,37.359,60.401,0.58022,0.57137
25.516,53.14,3339.7,22.991,66.86,-0.709,37.291,60.324,0.57137,0.57137
25.309,51.895,3338.8,22.91,66.774,-0.93364,37.21,60.079,0.57137,0.57481
25.198,54.108,3337.2,22.806,66.707,1.444,37.185,60.111,0.57481,0.57481
25.143,53.009,3334.4,22.992,66.693,-1.438,37.154,59.971,0.57481,0.57481
25.118,53.445,3332,22.849,66.673,-0.53161,37.087,60.129,0.57481,0.574
25.366,53.443,3330.3,23.048,66.659,0.099347,37.08,59.75,0.574,0.574
25.038,51.775,3328.1,22.884,66.62,0.6397,37.071,60.062,0.574,0.58258
25.169,52.774,3327.4,23.113,66.64,-0.48302,37.083,60.057,0.58258,0.58258
25.19,52.562,3329,22.909,66.665,-1.1389,37.123,60.044,0.58258,0.58258
25.153,51.564,3331.3,22.973,66.719,1.0324,37.069,60.116,0.58258,0.58339
25.166,54.689,3330.9,22.844,66.744,1.1566,37.046,59.951,0.58339,0.58339
25.094,52.24,3330.3,22.754,66.751,0.82036,37.038,59.784,0.58339,0.58638
25.089,52.588,3333.7,22.768,66.742,2.0517,36.992,60.081,0.58638,0.58638
25.153,52.141,3333.5,22.985,66.695,-0.97705,37.021,59.901,0.58638,0.58638
25.085,53.6,3335.6,22.71,66.658,1.2271,36.986,59.891,0.58638,0.56596
25.313,51.517,3337.8,22.839,66.615,-2.0595,36.971,59.769,0.56596,0.56596
25.265,51.339,3337.6,22.782,66.587,-0.34537,36.965,59.542,0.56596,0.56598
25.133,52.14,3337.2,22.858,66.569,1.2699,36.933,59.482,0.56598,0.56598
25.197,51.078,3334.4,23.012,66.485,1.4761,36.907,59.437,0.56598,0.56598
25.055,49.635,3329.1,22.958,66.466,1.7045,36.945,59.396,0.56598,0.58521
25.171,51.99,3323.2,22.837,66.477,1.4949,36.98,59.426,0.58521,0.58521
25.123,48.199,3319.7,22.961,66.516,-2.9109,36.962,59.361,0.58521,0.61703
25.342,49.121,3317.2,22.791,66.567,-0.48431,37.056,59.557,0.61703,0.61703
25.303,47.47,3319.3,22.943,66.624,0.88453,37.132,59.614,0.61703,0.61703
25.366,46.596,3320.8,22.983,66.718,-0.98658,37.19,59.682,0.61703,0.59935
25.294,46.76,3324.8,22.899,66.884,-0.92272,37.27,59.861,0.59935,0.59935
25.461,48.123,3329.8,22.863,67.025,0.045205,37.326,60.063,0.59935,0.59369
25.496,45.202,3334.3,22.755,67.107,-0.85265,37.383,60.379,0.59369,0.59369
25.522,47.109,3338.1,22.881,67.215,0.041103,37.365,60.343,0.59369,0.59369
25.466,49.427,3338.3,22.742,67.295,0.94908,37.394,60.556,0.59369,0.58697
25.13,48.573,3340,22.668,67.354,1.142,37.383,60.746,0.58697,0.58697
25.354,48.7,3339.5,23.06,67.439,-0.12256,37.351,60.589,0.58697,0.54917
25.084,51.041,3339.1,23.003,67.454,2.1254,37.302,60.842,0.54917,0.54917
25.276,50.009,3337.8,23.046,67.446,-0.50307,37.235,60.871,0.54917,0.54917
25.445,50.378,3336.2,22.889,67.433,-1.3238,37.177,60.728,0.54917,0.54607
25.209,51.544,3337.7,22.991,67.389,-1.2408,37.14,60.861,0.54607,0.54607
24.952,51.467,3336.4,22.773,67.328,0.63601,37.066,60.789,0.54607,0.5629
25.315,53.482,3336.5,23,67.252,-0.25893,37.028,60.639,0.5629,0.5629
25.035,51.969,3333.5,23.103,67.155,0.27086,37.007,60.561,0.5629,0.5629
25.039,52.746,3334,23.078,67.13,0.4372,36.946,60.465,0.5629,0.5674
24.957,50.928,3331.9,22.869,67.042,-0.029264,36.892,60.407,0.5674,0.5674
25.163,50.891,3330.5,22.759,67.013,-1.6954,36.92,60.355,0.5674,0.55412
25.101,50.131,3329.5,22.795,66.982,-1.0949,36.913,60.488,0.55412,0.55412
24.993,51.824,3327.8,22.934,66.905,-1.7415,36.881,60.233,0.55412,0.55412
25.046,51.074,3327,22.958,66.931,1.198,36.906,60.333,0.55412,0.57431
25.145,51.617,3328.2,22.902,66.913,-1.1006,36.902,60.276,0.57431,0.57431
25.065,48.665,3328.9,22.93,66.882,0.016744,36.931,60.411,0.57431,0.56244
25.06,49.977,3330,22.829,66.862,-0.11878,36.934,60.482,0.56244,0.56244
24.929,48.441,3331.6,22.903,66.809,-2.3125,36.935,60.515,0.56244,0.56244
25.007,49.208,3332.6,23.018,66.822,-0.012976,36.966,60.373,0.56244,0.56265
25.103,50.164,3329.2,22.993,66.789,1.1189,36.971,60.012,0.56265,0.56265
25.253,50.161,3329.4,23.012,66.759,-0.47021,37.022,60.293,0.56265,0.58294
25.081,48.633,3328.6,22.839,66.758,-0.22848,37.017,60.339,0.58294,0.58294
25.163,46.845,3327.7,22.827,66.788,1.8439,37.049,60.426,0.58294,0.58294
25.176,48.799,3327.6,22.742,66.757,2.3029,37.136,60.506,0.58294,0.55763
25.107,47.818,3328.1,22.972,66.841,1.1127,37.151,60.383,0.55763,0.55763
25.076,48.167,3328,22.917,66.824,2.1234,37.175,60.507,0.55763,0.55654
25.193,47.087,3330.1,22.796,66.87,-1.7044,37.182,60.475,0.55654,0.55654
25.033,50.327,3331.7,22.877,66.925,2.2527,37.2,60.478,0.55654,0.55654
25.354,48.584,3333,22.918,66.908,-1.9172,37.199,60.496,0.55654,0.56699
25.15,50.099,3334.1,23.106,66.904,0.56078,37.226,60.344,0.56699,0.56699
25.368,51.535,3335.9,22.925,66.897,-0.36308,37.178,60.265,0.56699,0.56975
25.205,52.034,3337.2,23.074,66.819,0.41378,37.146,60.345,0.56975,0.56975
25.182,52.438,3337.9,22.799,66.76,-1.6659,37.142,60.214,0.56975,0.56975
25.128,51.041,3339,22.948,66.734,-0.48968,37.116,60.22,0.56975,0.54121
25.171,50.96,3341,23.11,66.65,-0.37801,37.103,59.996,0.54121,0.54121
25.468,53.214,3340.1,22.933,66.58,1.2851,37.048,59.748,0.54121,0.56374
25.266,53.766,3340.5,23.177,66.557,0.44789,37.027,59.46,0.56374,0.56374
24.918,54.455,3340.7,22.681,66.494,-0.29403,37.009,59.649,0.56374,0.56374
24.799,50.687,3337.2,23.03,66.446,-0.75007,36.967,59.241,0.56374,0.58088
24.929,51.953,3336.4,22.908,66.41,-0.8068,36.969,59.22,0.58088,0.58088
25.051,52.071,3333.4,22.988,66.374,0.84633,36.922,58.958,0.58088,0.57884
24.891,50.806,3329.7,23.008,66.354,-0.6749,36.93,58.971,0.57884,0.57884
24.969,51.479,3325.6,22.821,66.338,0.29721,36.935,58.91,0.57884,0.57884
25.143,51.385,3320.5,22.789,66.306,0.79839,36.974,58.817,0.57884,0.58741
25.288,49.031,3316.3,23.073,66.322,-2.4689,36.989,58.63,0.58741,0.58741
25.011,50.037,3314.4,22.976,66.295,0.43664,37.003,58.865,0.58741,0.62328
24.904,49.324,3311.4,22.99,66.355,2.3411,37.101,58.757,0.62328,0.62328
25.356,46.786,3308.4,22.69,66.39,-0.84371,37.158,58.693,0.62328,0.62328
25.346,47.413,3308.4,22.903,66.437,-0.21599,37.205,58.893,0.62328,0.6102
25.26,46.757,3307.5,22.891,66.489,-0.95123,37.29,58.727,0.6102,0.6102
25.416,46.313,3310,22.868,66.611,0.44981,37.358,58.934,0.6102,0.59245
25.107,48.264,3312,22.732,66.66,0.6221,37.447,59.185,0.59245,0.59245
25.262,47.893,3315.2,22.796,66.747,-2.0539,37.423,59.045,0.59245,0.59245
25.434,48.062,3317.8,22.889,66.827,1.4779,37.476,58.982,0.59245,0.60356
25.269,48.723,3320.5,22.774,66.854,-0.54406,37.531,59.151,0.60356,0.60356
25.387,48.707,3322.4,22.842,66.916,-1.8269,37.577,59.178,0.60356,0.5912
25.319,50.636,3323.2,22.645,66.963,0.53556,37.641,59.131,0.5912,0.5912
25.898,49.372,3327,22.819,67.022,0.62952,37.693,59.253,0.5912,0.5912
25.855,49.631,3329.7,22.692,67.12,0.79478,37.697,59.437,0.5912,0.56745
25.437,50.457,3332.9,23.018,67.225,0.77706,37.742,59.439,0.56745,0.56745
25.62,50.652,3334.6,22.91,67.315,2.052,37.735,59.581,0.56745,0.56483
25.577,50.852,3339.2,22.782,67.446,0.88668,37.752,59.768,0.56483,0.56483
25.701,53.439,3340.1,22.868,67.585,-0.21849,37.752,59.896,0.56483,0.56483
25.825,53.644,3341.3,22.739,67.687,1.3355,37.705,60.031,0.56483,0.55129
25.666,55.148,3341.9,22.989,67.785,0.53968,37.69,60.171,0.55129,0.55129
25.564,53.459,3340.8,22.992,67.871,-2.8847,37.651,60.226,0.55129,0.5654
25.498,53.983,3338.1,23.055,67.949,0.28541,37.588,60.224,0.5654,0.5654
25.783,55.922,3336.7,22.921,68.014,0.22186,37.535,60.27,0.5654,0.5654
25.547,57.902,3336,22.948,68.105,1.3223,37.435,60.414,0.5654,0.55516
25.353,56.503,3335.8,22.998,68.114,-0.67656,37.381,60.411,0.55516,0.55516
25.555,58.434,3335.5,23.185,68.119,-1.6145,37.322,60.801,0.55516,0.52936
25.446,57.773,3333.1,23.118,68.186,0.49753,37.256,60.608,0.52936,0.52936
25.163,59.146,3332.6,22.778,68.155,-1.3964,37.146,61.021,0.52936,0.52936
25.246,57.954,3332.7,23.044,68.105,0.46026,37.139,60.977,0.52936,0.52495
25.283,57.512,3331.4,23.008,68.06,0.76798,37.03,60.995,0.52495,0.52495
25.144,56.338,3328.9,22.972,67.958,0.7645,37.005,61.156,0.52495,0.51449
25.1,57.298,3328.9,23.1,67.885,-1.1931,36.907,60.931,0.51449,0.51449
25.035,58.69,3328.9,22.769,67.79,-0.0025805,36.877,61.108,0.51449,0.51449
25.114,55.974,3331.6,22.938,67.695,0.19154,36.79,61.093,0.51449,0.51848
25.103,54.449,3330.4,22.973,67.554,0.52144,36.792,60.757,0.51848,0.51848
24.811,56.321,3330.2,22.865,67.433,0.80892,36.787,60.863,0.51848,0.51711
24.908,58.211,3332,22.913,67.337,-0.75708,36.75,60.79,0.51711,0.51711
25.093,55.434,3333.3,23.029,67.195,-0.80476,36.73,60.866,0.51711,0.51711
25.066,53.885,3336.5,23.01,67.039,-0.14857,36.719,61.083,0.51711,0.51844
25.288,55.26,3337.6,22.958,66.949,-0.83641,36.772,61.027,0.51844,0.51844
24.928,55.314,3336.9,22.973,66.817,1.2208,36.798,60.879,0.51844,0.52723
24.914,53.488,3336.6,22.843,66.806,1.9243,36.829,60.651,0.52723,0.52723
25.132,53.712,3335,22.805,66.756,-0.95631,36.864,60.771,0.52723,0.52723
25.145,50.507,3332.4,22.93,66.757,2.2676,36.908,60.73,0.52723,0.54748
24.977,52.835,3332.1,22.914,66.786,0.49705,36.949,60.75,0.54748,0.54748
24.989,50.086,3330.3,22.889,66.804,-1.2065,36.966,60.829,0.54748,0.54575
25.12,50.886,3329,22.974,66.825,-0.18593,36.969,60.949,0.54575,0.54575
25.147,49.468,3328.6,22.759,66.843,-1.1497,37.045,60.995,0.54575,0.54575
25.286,49.729,3330.6,22.967,66.906,2.3099,37.068,61.075,0.54575,0.5574
25.145,48.221,3329.1,23.074,66.892,-1.3255,37.086,61.081,0.5574,0.5574
25.31,48.925,3330.4,22.921,66.903,1.8245,37.084,61.255,0.5574,0.55746
25.24,51.191,3330.4,22.91,66.934,-0.97684,37.096,61.092,0.55746,0.55746
25.05,49.031,3331.3,22.844,66.899,1.5512,37.075,61.213,0.55746,0.55746
25.085,48.428,3331.4,22.943,66.846,-0.65698,37.09,61.236,0.55746,0.55216
25.448,51.756,3333.2,23.08,66.83,-0.56889,37.073,61.247,0.55216,0.55216
25.132,47.917,3332.5,22.746,66.828,0.3284,37.065,60.922,0.55216,0.55443
25.28,48.529,3332.4,22.686,66.776,-2.3909,37.079,61.149,0.55443,0.55443
25.386,48.078,3331.5,22.998,66.729,0.51628,37.121,61.167,0.55443,0.55443
25.437,46.93,3330.7,22.691,66.75,1.0587,37.153,61.004,0.55443,0.54071
25.318,47.261,3329.5,22.745,66.765,1.6324,37.125,61.119,0.54071,0.54071
25.213,47.895,3332.2,23.102,66.808,1.1595,37.155,61.379,0.54071,0.55359
25.302,47.393,3331.7,23.041,66.853,0.66431,37.19,61.345,0.55359,0.55359
25.257,49.596,3332.7,23.064,66.855,-0.68636,37.214,61.471,0.55359,0.55359
25.445,45.741,3332.2,22.919,66.859,-0.64696,37.199,61.473,0.55359,0.56177
25.215,47.292,3333.9,22.943,66.854,-1.6941,37.202,61.591,0.56177,0.56177
25.301,47.824,3333.7,22.814,66.826,1.264,37.168,61.376,0.56177,0.57176
25.165,48.134,3334.5,22.975,66.831,-0.22224,37.157,61.384,0.57176,0.57176
25.493,51.321,3337.2,23.032,66.764,-0.88624,37.139,61.509,0.57176,0.57176
25.153,47.94,3339.5,22.94,66.643,1.2106,37.059,61.327,0.57176,0.56461
25.135,50.691,3341.6,22.75,66.558,-0.63803,37.02,61.172,0.56461,0.56461
25.073,49.68,3343.9,22.76,66.434,-0.75525,36.998,61.14,0.56461,0.56438
25.172,49.092,3341.5,22.745,66.328,0.39335,36.961,60.786,0.56438,0.56438
25.122,49.136,3338.6,22.766,66.228,0.31011,36.994,60.994,0.56438,0.56438
25.03,47.5,3333.2,22.874,66.163,-0.25381,36.995,60.7,0.56438,0.57266
25.062,48.136,3327.2,22.877,66.179,0.9695,36.958,60.641,0.57266,0.57266
25.112,46.396,3323.7,22.601,66.142,-0.24516,36.987,60.706,0.57266,0.59204
25.025,46.615,3320.4,23.041,66.155,0.28233,36.989,60.671,0.59204,0.59204
24.853,46.565,3320.6,22.876,66.156,1.0956,37.037,60.667,0.59204,0.59204
25.222,46.216,3322.5,22.625,66.185,-0.59391,37.047,60.634,0.59204,0.59358
25.192,47.859,3325.8,22.946,66.187,-0.20148,37.074,60.572,0.59358,0.59358
25.176,44.369,3331.1,22.556,66.133,-0.32678,37.124,60.763,0.59358,0.59623
25.19,47.1,3332.4,22.901,66.099,0.21362,37.126,60.616,0.59623,0.59623
25.268,44.91,3333.6,22.984,66.021,0.20082,37.16,60.596,0.59623,0.59623
25.264,44.762,3334.3,22.829,66.006,-0.039629,37.176,60.413,0.59623,0.58058
25.146,44.576,3332.6,23.12,65.982,-2.2239,37.179,60.239,0.58058,0.58058
25.259,44.871,3330.3,22.881,65.955,-0.34867,37.214,60.375,0.58058,0.60513
25.365,42.524,3327.9,22.699,65.985,-1.9594,37.271,60.424,0.60513,0.60513
25.23,45.339,3328.1,22.679,65.985,0.079579,37.326,60.507,0.60513,0.60513
25.305,42.297,3328.4,22.555,66.066,0.65654,37.367,60.641,0.60513,0.60102
25.122,44.972,3327.8,22.729,66.124,0.47414,37.41,60.622,0.60102,0.60102
25.545,43.613,3329.3,22.81,66.202,0.51846,37.469,60.844,0.60102,0.61964
25.569,43.143,3331.4,22.856,66.221,1.3418,37.485,60.748,0.61964,0.61964
25.428,45.051,3332.3,22.507,66.334,-0.73082,37.492,60.78,0.61964,0.61964
25.624,46.751,3332.1,22.971,66.373,-0.089293,37.524,60.797,0.61964,0.61735
25.582,44.112,3334.2,22.74,66.399,-0.75429,37.551,61.054,0.61735,0.61735
25.489,45.418,3336.1,22.654,66.502,0.16041,37.56,60.895,0.61735,0.58885
25.745,47.579,3336.3,23.055,66.528,1.7272,37.519,60.999,0.58885,0.58885
25.401,46.303,3336.4,22.977,66.497,-1.2854,37.524,61.207,0.58885,0.58885
25.277,48.061,3338.1,22.746,66.571,-1.5204,37.513,61.056,0.58885,0.58381
25.338,46.55,3336.7,22.991,66.569,2.0724,37.493,61.142,0.58381,0.58381
25.586,49.164,3335.1,22.816,66.659,-0.29785,37.469,61.009,0.58381,0.57366
25.491,47.159,3336.3,22.73,66.713,0.17261,37.489,61.28,0.57366,0.57366
25.519,48.184,3334.4,22.998,66.744,1.3423,37.434,61.228,0.57366,0.57366
25.657,47.918,3335.3,22.8,66.765,-1.1408,37.439,61.544,0.57366,0.57139
25.504,49.144,3334.1,22.947,66.796,1.1611,37.395,61.444,0.57139,0.57139
25.28,50.384,3335.6,22.752,66.825,-1.3288,37.368,61.708,0.57139,0.59307
25.444,48.743,3335.4,22.573,66.851,-0.7973,37.337,61.674,0.59307,0.59307
25.353,49.27,3334.7,22.899,66.851,-1.2336,37.264,61.876,0.59307,0.59307
25.403,49.758,3335.6,22.933,66.826,0.83069,37.225,61.72,0.59307,0.57529
25.093,51.537,3333.8,22.763,66.825,-1.0441,37.182,61.525,0.57529,0.57529
25.081,51.227,3333.4,22.659,66.795,1.1762,37.118,61.464,0.57529,0.56795
25.212,51.868,3334.9,23.18,66.723,0.70846,37.058,61.495,0.56795,0.56795
25.154,52.987,3333.9,22.852,66.635,-0.17679,37.053,61.371,0.56795,0.56795
25.111,50.343,3336.4,22.955,66.53,-0.30277,36.987,61.61,0.56795,0.56018
25.254,51.154,3337.3,22.74,66.46,1.5332,36.932,61.298,0.56018,0.56018
25.09,50.393,3338.2,23.036,66.381,0.0016878,36.916,61.2,0.56018,0.58359
25.055,49.657,3337.9,22.843,66.279,0.85662,36.907,61.231,0.58359,0.58359
24.923,48.665,3337.7,22.848,66.218,0.22147,36.854,61.075,0.58359,0.58359
24.975,49.328,3336.5,22.907,66.181,0.41959,36.81,61.102,0.58359,0.58941
25.111,49.498,3336.9,22.708,66.09,-1.5941,36.803,60.843,0.58941,0.58941
25.002,47.514,3335,22.866,66.052,-0.7631,36.787,60.833,0.58941,0.60663
24.796,47.037,3332.5,22.793,66.02,-0.48656,36.831,60.538,0.60663,0.60663
24.924,47.72,3331.5,22.778,65.97,-0.51899,36.795,60.577,0.60663,0.60663
25.187,48.187,3330.1,22.807,65.938,-1.5561,36.77,60.459,0.60663,0.60122
24.936,47.184,3329.4,22.678,65.876,1.1638,36.776,60.274,0.60122,0.60122
24.942,47.068,3331.5,22.641,65.866,-1.4638,36.755,60.232,0.60122,0.59132
24.928,43.854,3330.9,22.877,65.839,-1.834,36.79,59.966,0.59132,0.59132
25.022,45.213,3329.3,22.868,65.766,1.7464,36.813,59.849,0.59132,0.59132
24.9,45.342,3327,22.805,65.702,0.99471,36.835,59.649,0.59132,0.61023
24.944,45.79,3329.3,22.858,65.685,1.1549,36.834,59.577,0.61023,0.61023
24.873,44.188,3330.4,22.883,65.628,0.34457,36.805,59.414,0.61023,0.65162
24.932,44.729,3333,23.047,65.553,0.22688,36.842,59.582,0.65162,0.65162
24.824,45.032,3334.3,22.968,65.489,-1.5414,36.856,59.347,0.65162,0.65162
24.864,42.574,3334.8,22.793,65.478,-0.3584,36.901,58.974,0.65162,0.64283
24.916,43.658,3335.6,22.728,65.413,1.4729,36.919,59.011,0.64283,0.64283
24.934,43.142,3335,22.573,65.394,0.40815,36.911,58.846,0.64283,0.64623
24.984,42.261,3331,22.716,65.328,0.76414,36.953,58.698,0.64623,0.64623
24.752,41.004,3327.5,22.82,65.313,1.8717,36.992,58.609,0.64623,0.64623
25.281,42.14,3322.7,22.934,65.309,-1.0413,37.043,58.421,0.64623,0.65464
25.322,40.563,3317.1,22.741,65.348,2.5422,37.095,58.336,0.65464,0.65464
25.245,41.157,3312.7,22.45,65.35,-2.1026,37.149,58.445,0.65464,0.68208
25.248,39.508,3307.6,22.771,65.383,0.53258,37.239,58.133,0.68208,0.68208
25.17,38.453,3303,22.616,65.413,-0.65017,37.322,58.16,0.68208,0.68208
25.196,37.305,3299.1,22.72,65.465,1.0137,37.441,58.205,0.68208,0.67673
25.492,37.716,3298,22.855,65.568,0.67054,37.54,58.319,0.67673,0.67673
25.631,39.842,3298.4,22.926,65.64,-1.1835,37.682,58.482,0.67673,0.68029
25.79,38.981,3298.7,22.69,65.768,0.60515,37.768,58.466,0.68029,0.68029
25.677,38.507,3302,22.743,65.878,1.0395,37.837,58.74,0.68029,0.68029
25.823,41.854,3304.3,22.801,65.985,0.89144,37.916,58.87,0.68029,0.68649
25.649,40.755,3306.5,22.694,66.072,0.32495,38.012,58.871,0.68649,0.68649
26.086,44.049,3307.2,22.626,66.229,-2.4378,38.094,58.961,0.68649,0.64283
25.785,43.222,3308.6,22.645,66.408,0.28338,38.114,58.948,0.64283,0.64283
26.223,44.949,3312.8,22.633,66.557,0.51539,38.198,59.166,0.64283,0.64283
25.773,47.051,3318,23.019,66.741,-0.064712,38.233,59.197,0.64283,0.64986
26.059,47.26,3323.6,22.786,66.913,0.78253,38.229,59.485,0.64986,0.64986
25.951,48.377,3329.6,22.713,67.081,1.831,38.219,59.625,0.64986,0.63154
25.98,50.63,3333.2,23.025,67.158,0.35657,38.184,59.771,0.63154,0.63154
25.921,53.61,3335.3,22.77,67.249,2.3157,38.119,59.936,0.63154,0.63154
25.975,53.208,3337.1,23.012,67.302,2.2434,38.083,59.919,0.63154,0.60288
25.882,54.793,3336.8,23.083,67.358,0.36718,38.019,59.935,0.60288,0.60288
25.67,55.286,3336.7,22.785,67.395,-1.8013,37.982,59.822,0.60288,0.59334
25.829,57.251,3338.2,22.753,67.39,2.0657,37.895,59.989,0.59334,0.59334
25.583,59.296,3339.7,22.956,67.34,-0.38472,37.822,59.996,0.59334,0.59334
25.523,61.726,3339.5,23.181,67.275,-0.0021464,37.72,60.015,0.59334,0.58261
25.476,58.639,3339.5,23.008,67.275,0.30648,37.613,59.88,0.58261,0.58261
25.663,61.001,3339.9,23.102,67.222,-0.27737,37.557,59.917,0.58261,0.5932
25.431,59.538,3338.1,22.8,67.173,-1.4542,37.517,59.655,0.5932,0.5932
25.638,61.707,3337.6,23.07,67.151,0.32315,37.431,59.675,0.5932,0.5932
25.438,61.323,3336.9,23.061,67.126,-1.2251,37.396,59.679,0.5932,0.59518
25.145,62.014,3337.6,23.005,67.072,-2.6133,37.339,59.822,0.59518,0.59518
25.399,59.878,3337.7,23.062,67.036,2.259,37.294,59.805,0.59518,0.56818
25.384,62.82,3335.5,23.126,67.012,-0.24378,37.223,59.739,0.56818,0.56818
25.224,58.943,3334.3,23.191,67.032,1.0675,37.216,59.655,0.56818,0.56818
25.453,62.682,3330.3,22.987,67.065,1.9389,37.215,59.393,0.56818,0.54711
25.163,61.529,3329.3,23.046,67.104,1.4273,37.163,59.727,0.54711,0.54711
25.16,60.685,3327.7,22.991,67.092,-1.0119,37.128,59.599,0.54711,0.58013
25.286,59.821,3327.8,23.23,67.067,-0.18192,37.106,59.583,0.58013,0.58013
25.162,58.854,3326.6,22.946,67.066,0.38104,37.093,59.739,0.58013,0.58013
25.104,57.564,3328,23.103,67.085,-0.32735,37.081,59.653,0.58013,0.57694
25.176,60.002,3325.1,23.094,67.131,-0.098716,37.098,59.519,0.57694,0.57694
25.247,57.194,3325,23.101,67.156,2.6032,37.113,59.584,0.57694,0.56947
25.336,56.889,3327.5,23.033,67.191,-0.17121,37.074,59.74,0.56947,0.56947
25.009,55.642,3328.4,22.949,67.225,-1.7141,37.126,59.764,0.56947,0.56947
25.256,57.82,3329.3,22.873,67.236,2.0837,37.132,59.793,0.56947,0.55152
25.268,55.46,3331,22.863,67.277,0.6289,37.193,60.017,0.55152,0.55152
25.281,53.735,3331.6,22.94,67.355,-0.2934,37.213,60.129,0.55152,0.55783
25.279,55.55,3334.7,22.918,67.465,-0.86194,37.221,60.121,0.55783,0.55783
25.315,55.183,3336,22.854,67.561,0.56159,37.238,60.242,0.55783,0.55783
25.322,53.531,3337.2,23.087,67.667,-2.7737,37.252,60.445,0.55783,0.55484
25.428,53.109,3337.3,23.036,67.762,-1.3961,37.236,60.578,0.55484,0.55484
25.235,55.809,3336.2,23.068,67.805,0.54372,37.187,60.736,0.55484,0.55194
25.319,56.595,3336,22.765,67.879,-0.69363,37.172,60.659,0.55194,0.55194
25.125,57.184,3334.9,22.827,67.892,-0.38713,37.128,60.863,0.55194,0.55194
25.034,56.214,3333.5,22.821,67.943,-2.076,37.097,60.841,0.55194,0.53368
25.138,55.997,3331.2,23.089,67.949,-0.89735,37.072,60.97,0.53368,0.53368
25.224,54.117,3329.5,22.898,67.998,0.22989,37.038,60.785,0.53368,0.50649
25.263,56.286,3331,23.049,67.999,0.21853,37.014,61.035,0.50649,0.50649
25.161,52.834,3331.4,22.992,68.019,1.285,36.981,61.148,0.50649,0.50649
24.914,55.156,3332.5,22.93,68.073,-0.70799,36.937,61.155,0.50649,0.53011
24.984,55.917,3333.4,22.71,68.059,-0.31204,36.926,61.247,0.53011,0.53011
25.054,53.362,3333.2,22.982,68.048,1.9361,36.919,61.32,0.53011,0.52577
25.274,54.156,3335.4,23.172,68.055,0.47287,36.885,61.436,0.52577,0.52577
25.214,53.832,3334.3,22.827,68.065,1.3686,36.855,61.683,0.52577,0.52577
24.911,51.801,3333.9,22.88,68.061,2.0696,36.868,61.559,0.52577,0.51981
24.994,52.686,3333.1,22.822,68.037,-0.72945,36.819,61.829,0.51981,0.51981
25.024,52.371,3332.6,22.873,68.031,-0.28166,36.76,61.957,0.51981,0.52765
25.192,52.924,3330.2,23.013,67.989,0.16012,36.787,61.999,0.52765,0.52765
25.116,53.089,3327.9,22.916,67.939,0.61482,36.768,62.017,0.52765,0.52765
24.944,53.044,3326.8,23.109,67.874,1.1035,36.712,62.143,0.52765,0.51068
24.732,52.368,3324.6,22.957,67.784,-1.5916,36.689,61.825,0.51068,0.51068
24.733,51.764,3322.6,22.981,67.652,0.65468,36.717,61.966,0.51068,0.49981
24.927,52.234,3324.7,22.831,67.549,0.70219,36.671,61.98,0.49981,0.49981
24.983,51.822,3327.7,23.02,67.407,-1.5228,36.684,62.019,0.49981,0.49981
24.875,52.622,3330.3,23.019,67.272,0.7195,36.688,62.029,0.49981,0.49707
24.906,51.697,3331,22.998,67.086,0.63126,36.686,61.738,0.49707,0.49707
24.772,48.53,3333,22.761,66.992,-2.5147,36.706,61.597,0.49707,0.50829
24.997,51.189,3335.5,22.808,66.832,-1.4592,36.754,61.73,0.50829,0.50829
25.11,50.81,3336.3,22.755,66.74,-0.41742,36.79,61.482,0.50829,0.50829
25.242,48.38,3335.2,22.7,66.646,-1.1115,36.864,61.617,0.50829,0.51379
25.104,47.697,3336.2,22.711,66.571,-1.765,36.872,61.708,0.51379,0.51379
24.734,47.427,3334.3,22.62,66.512,-2.5617,36.892,61.482,0.51379,0.52667
25.042,47.614,3333.5,22.864,66.504,0.31358,37,61.444,0.52667,0.52667
25.102,50.028,3333,22.861,66.536,-0.34961,37.036,61.356,0.52667,0.52667
25.358,48.502,3333.1,22.556,66.497,-1.4228,37.051,61.489,0.52667,0.56021
25.344,47.281,3334.6,22.972,66.507,-1.8945,37.076,61.447,0.56021,0.56021
25.468,49.515,3337.4,22.997,66.448,0.22991,37.075,61.537,0.56021,0.55316
25.125,49.421,3338.1,23.102,66.427,-1.8038,37.053,61.329,0.55316,0.55316
25.096,48.134,3339.9,22.855,66.401,-0.45569,37.084,61.104,0.55316,0.55316
25.136,50.357,3341,22.971,66.386,-1.5787,37.042,61.036,0.55316,0.55152
25.229,50.646,3341.5,23.039,66.325,-1.0468,36.992,60.842,0.55152,0.55152
25.008,49.834,3340.9,22.902,66.289,-1.1536,37.015,60.659,0.55152,0.5614
24.999,49.247,3339.9,22.696,66.204,-1.8387,36.975,60.752,0.5614,0.5614
25.051,48.948,3336.6,22.614,66.119,-0.004173,36.977,60.708,0.5614,0.5614
25.052,49.165,3332.3,22.676,66.079,-0.20785,37.002,60.613,0.5614,0.56791
24.967,47.194,3324.4,22.698,66.135,0.4882,36.986,60.382,0.56791,0.56791
24.956,48.019,3317,22.813,66.116,-0.23894,37.004,60.388,0.56791,0.58577
24.916,47.154,3312,22.707,66.126,2.2863,37.065,60.477,0.58577,0.58577
25.091,45.911,3310,22.958,66.179,0.20039,37.093,60.608,0.58577,0.58577
25.183,44.53,3309.6,22.814,66.246,1.9107,37.151,60.34,0.58577,0.59126
25.177,45.994,3310.4,23.056,66.307,-0.50708,37.206,60.661,0.59126,0.59126
25.231,43.832,3309.8,22.672,66.318,-0.47629,37.305,60.726,0.59126,0.57085
25.461,43.568,3312.1,22.666,66.375,0.79615,37.342,60.742,0.57085,0.57085
25.302,44.042,3315,22.994,66.447,-0.49156,37.399,60.744,0.57085,0.57085
25.317,43.129,3317.9,22.69,66.47,-0.3197,37.459,60.917,0.57085,0.58681
25.454,44.552,3322.7,22.753,66.524,1.6054,37.485,60.86,0.58681,0.58681
25.33,45.767,3324.9,22.65,66.51,-1.9458,37.502,60.923,0.58681,0.58323
25.382,46.07,3328.6,22.902,66.497,-0.74921,37.551,60.998,0.58323,0.58323
25.567,45.822,3330.7,22.707,66.441,0.14695,37.547,60.865,0.58323,0.58323
25.575,48.579,3332,22.859,66.441,-1.0279,37.568,60.905,0.58323,0.55958
25.461,48.762,3332.5,23.095,66.406,1.1961,37.606,60.924,0.55958,0.55958
25.43,48.72,3333.9,22.88,66.438,-0.49915,37.61,60.94,0.55958,0.55892
25.687,49.483,3333.4,22.879,66.483,0.64187,37.651,60.853,0.55892,0.55892
25.645,46.291,3333.2,22.883,66.525,1.1103,37.685,61.052,0.55892,0.55892
25.541,49.212,3334.2,22.697,66.62,2.1195,37.717,60.926,0.55892,0.57244
25.427,50.843,3337.1,22.759,66.711,2.0779,37.727,61.212,0.57244,0.57244
25.744,50.12,3337,23.091,66.82,-0.0068092,37.74,61.153,0.57244,0.5672
25.453,50.641,3338.1,22.965,66.892,-0.12236,37.738,61.328,0.5672,0.5672
25.91,53.138,3338.3,22.945,66.963,1.1843,37.701,61.444,0.5672,0.5672
25.492,53.002,3337.8,23.027,67.013,2.9468,37.618,61.543,0.5672,0.57746
25.389,52.566,3337.9,22.939,67.01,0.42046,37.606,61.686,0.57746,0.57746
25.597,51.211,3336.4,22.988,67.037,-0.69307,37.588,61.603,0.57746,0.56276
25.373,52.055,3335.6,22.998,67.056,-0.0069322,37.501,61.389,0.56276,0.56276
25.465,54.744,3335.4,23.066,67.008,0.27486,37.472,61.618,0.56276,0.56276
25.563,54.469,3334.4,23.023,67.018,0.050157,37.428,61.437,0.56276,0.55257
25.294,53.887,3334.6,23.01,66.966,-2.1369,37.365,61.648,0.55257,0.55257
25.122,55.729,3334.7,23.026,66.96,0.76335,37.285,61.337,0.55257,0.56173
25.388,55.783,3335,22.955,66.906,-0.63658,37.238,61.37,0.56173,0.56173
25.268,53.345,3335.9,22.999,66.862,0.61563,37.185,61.355,0.56173,0.56173
25.204,53.878,3338.6,23.026,66.805,-0.30055,37.1,61.355,0.56173,0.56756
25.292,56.152,3339.9,22.898,66.707,1.6715,37.042,61.316,0.56756,0.56756
25.036,54.029,3340.3,23.036,66.599,0.37624,37,61.149,0.56756,0.56018
25.039,54.899,3342,23.093,66.476,0.71441,36.934,61.219,0.56018,0.56018
25.065,56.397,3340,22.942,66.366,-0.088717,36.891,60.833,0.56018,0.56018
24.872,54.6,3340.7,22.909,66.252,-0.50867,36.833,60.882,0.56018,0.55415
24.705,53.325,3341.6,23.015,66.154,0.15284,36.818,60.673,0.55415,0.55415
24.898,55.266,3344.4,22.91,66.056,-0.16407,36.759,60.701,0.55415,0.56081
25.098,51.353,3343.5,22.914,65.99,-1.6768,36.743,60.428,0.56081,0.56081
25.124,51.7,3341.9,22.847,65.913,-0.56692,36.746,60.405,0.56081,0.56081
24.978,49.681,3334.6,22.799,65.832,-0.12379,36.727,60.347,0.56081,0.61581
24.973,49.302,3324.5,22.923,65.823,-2.4284,36.742,59.913,0.61581,0.61581
24.666,47.925,3317.5,22.787,65.807,0.13409,36.754,59.899,0.61581,0.60555
24.856,47.398,3316.4,22.863,65.796,-0.60163,36.727,60.029,0.60555,0.60555
24.877,46.548,3319.7,22.833,65.765,0.75384,36.708,59.897,0.60555,0.60555
24.938,45.325,3324.6,22.849,65.732,-1.404,36.772,60.03,0.60555,0.62241
25.169,44.773,3324.3,22.792,65.712,-2.8943,36.835,59.647,0.62241,0.62241
25.021,44.285,3321.3,23.021,65.682,1.6962,36.927,59.699,0.62241,0.62299
24.98,43.881,3316.5,22.776,65.638,-0.23565,36.94,59.391,0.62299,0.62299
24.796,42.145,3312.4,22.763,65.593,-0.17924,37.009,59.629,0.62299,0.62299
25.097,41.146,3313.4,22.862,65.606,-0.99027,37.048,59.512,0.62299,0.63393
25.284,40.815,3312.8,22.749,65.576,-1.2057,37.131,59.562,0.63393,0.63393
25.252,40.131,3316.3,23.008,65.559,0.46998,37.26,59.736,0.63393,0.6502
25.5,40.939,3317.9,22.882,65.601,0.57034,37.342,59.592,0.6502,0.6502
25.488,41.242,3322.2,22.881,65.623,-0.1626,37.452,59.89,0.6502,0.6502
25.356,39.7,3326.4,22.788,65.62,0.46881,37.515,59.964,0.6502,0.65971
25.378,41.631,3328.3,22.837,65.62,-1.2788,37.603,59.881,0.65971,0.65971
25.602,40.543,3332.5,22.745,65.648,1.5275,37.644,59.96,0.65971,0.65256
25.535,42.978,3333.5,22.859,65.696,-0.98721,37.694,59.881,0.65256,0.65256
25.312,42.852,3334.3,22.677,65.699,0.5065,37.762,59.966,0.65256,0.65256
25.553,44.171,3331.5,22.619,65.722,-0.64355,37.813,59.94,0.65256,0.67199
25.794,43.023,3330.3,22.897,65.824,-0.80539,37.869,59.876,0.67199,0.67199
25.863,45.36,3330.7,22.95,65.921,-0.65288,37.902,59.892,0.67199,0.65469
25.72,43.95,3329.9,22.881,66.047,0.4778,37.988,59.981,0.65469,0.65469
25.573,45.882,3330.8,22.882,66.12,0.82614,38.031,60.196,0.65469,0.65469
25.597,46.928,3333,22.887,66.237,-1.747,38.043,60.222,0.65469,0.62431
25.837,45.898,3334.3,22.921,66.34,-0.96923,38.07,60.269,0.62431,0.62431
25.898,47.736,3335.4,22.994,66.454,1.8625,38.068,60.339,0.62431,0.61897
25.763,48.238,3337.4,22.882,66.547,1.0442,38.051,60.519,0.61897,0.61897
25.718,51.306,3337.4,22.844,66.613,-1.5063,38.047,60.578,0.61897,0.61897
25.789,49.558,3340,23.044,66.675,-0.19475,37.99,60.648,0.61897,0.6221
25.668,52.447,3340.9,22.756,66.689,0.95194,37.905,60.811,0.6221,0.6221
25.76,53.799,3342.6,22.84,66.703,-1.201,37.842,60.785,0.6221,0.60069
25.812,53.857,3341.4,23.116,66.706,-1.1274,37.809,60.545,0.60069,0.60069
25.89,56.284,3341.5,22.816,66.718,1.8142,37.788,60.809,0.60069,0.60069
25.789,54.835,3339.3,22.951,66.701,2.5057,37.704,60.536,0.60069,0.57909
25.532,53.783,3337.6,22.755,66.735,1.849,37.666,60.647,0.57909,0.57909
25.721,54.778,3337.9,22.952,66.75,-0.088665,37.56,60.629,0.57909,0.58439
25.444,54.255,3336,22.934,66.74,-1.7793,37.535,60.622,0.58439,0.58439
25.737,54.591,3337.4,23.044,66.791,-0.46981,37.482,60.884,0.58439,0.58439
25.505,53.976,3336.9,22.885,66.83,0.43457,37.446,60.892,0.58439,0.59635
25.296,57.032,3335.8,23.065,66.874,1.5356,37.385,60.865,0.59635,0.59635
25.272,56.461,3335.3,23.012,66.889,1.0801,37.322,60.891,0.59635,0.58423
25.486,55.154,3334.1,22.981,66.944,-2.1424,37.223,60.759,0.58423,0.58423
25.239,56.207,3334.8,23.048,66.898,-0.54065,37.16,60.798,0.58423,0.58423
25.08,56.912,3334.6,22.656,66.858,2.1987,37.109,60.774,0.58423,0.57624
25.139,55.837,3335,22.915,66.776,-0.75998,37.016,60.728,0.57624,0.57624
25.268,57.682,3336.4,23.072,66.72,1.6833,36.975,60.642,0.57624,0.56056
25.002,55.782,3333.2,22.976,66.656,1.134,36.91,60.434,0.56056,0.56056
25.21,57.23,3330.4,22.888,66.6,-0.90933,36.901,60.296,0.56056,0.56056
25.125,54.603,3329.5,22.882,66.565,0.85429,36.872,60.484,0.56056,0.58674
25.248,53.472,3327.2,22.922,66.535,-2.9854,36.906,60.37,0.58674,0.58674
25.247,53.707,3324.7,23.086,66.484,1.0468,36.895,60.453,0.58674,0.57799
25.217,50.194,3324.8,22.769,66.496,-1.0171,36.918,60.443,0.57799,0.57799
24.943,51.686,3323.4,22.77,66.484,-0.15164,36.921,60.497,0.57799,0.57799
25.008,48.764,3324.3,22.803,66.494,1.4756,36.959,60.573,0.57799,0.57944
25.141,48.823,3325.6,22.89,66.519,-0.30356,36.994,60.623,0.57944,0.57944
25.125,47.985,3325.7,22.895,66.506,0.063176,37.042,60.534,0.57944,0.58734
25.163,49.469,3327.3,22.807,66.559,0.58375,37.089,60.657,0.58734,0.58734
25.28,47.726,3329.9,22.776,66.545,-0.26628,37.078,60.872,0.58734,0.58734
25.16,47.052,3332.5,23.007,66.57,-0.69654,37.115,60.87,0.58734,0.5824
25.192,47.132,3334.6,22.926,66.574,-0.51476,37.142,60.986,0.5824,0.5824
25.134,48.543,3335.1,22.918,66.597,0.87833,37.148,60.909,0.5824,0.59293
25.212,47.421,3334.6,23.03,66.622,-1.5357,37.181,60.913,0.59293,0.59293
25.192,47.737,3335.7,22.879,66.643,-1.5862,37.218,61.155,0.59293,0.59293
25.006,47.336,3335.2,22.75,66.675,-0.25891,37.207,60.954,0.59293,0.57496
25.303,48.027,3335.2,22.979,66.646,0.05817,37.173,61.135,0.57496,0.57496
25.334,48.334,3336.6,22.998,66.6,-0.09369,37.19,61.178,0.57496,0.58505
25.202,47.679,3336.6,22.889,66.618,0.95689,37.193,61.008,0.58505,0.58505
25.216,48.704,3335,22.832,66.595,-0.15419,37.133,60.918,0.58505,0.58505
25.329,47.356,3335.3,22.916,66.559,0.56995,37.118,61.016,0.58505,0.58077
25.225,47.706,3334.4,22.949,66.51,1.2229,37.124,60.912,0.58077,0.58077
24.891,47.773,3331.3,22.939,66.506,-2.1757,37.119,60.77,0.58077,0.57225
25.285,48.204,3331.1,22.842,66.54,-0.96113,37.136,60.888,0.57225,0.57225
25.158,46.781,3328.6,22.999,66.525,-1.6512,37.143,60.661,0.57225,0.57225
25.404,47.361,3328.8,22.9,66.58,1.5121,37.163,60.796,0.57225,0.55537
25.243,48.414,3328,22.853,66.61,0.047958,37.166,60.823,0.55537,0.55537
25.114,46.269,3329.7,22.874,66.625,-0.16554,37.215,61.062,0.55537,0.5569
25.095,46.046,3331.5,22.975,66.678,-0.73256,37.22,61.084,0.5569,0.5569
25.273,46.547,3332,22.786,66.745,0.10197,37.198,60.971,0.5569,0.5569
25.236,48.694,3333.2,22.862,66.73,0.7603,37.194,61.14,0.5569,0.56298
25.184,48.564,3336.2,22.963,66.757,-0.40906,37.184,61.311,0.56298,0.56298
25.207,48.263,3337.9,22.857,66.7,-0.8883,37.161,61.203,0.56298,0.55609
25.314,47.966,3338.9,23.004,66.698,2.2539,37.14,61.151,0.55609,0.55609
25.081,49.892,3336.6,22.988,66.648,-0.22758,37.099,60.888,0.55609,0.55609
25.236,47.473,3338.6,22.653,66.676,-0.26255,37.122,61.133,0.55609,0.56654
25.298,47.478,3336.9,22.853,66.609,0.41982,37.089,61.137,0.56654,0.56654
24.868,47.519,3335.7,22.724,66.58,0.88443,37.094,61.182,0.56654,0.56151
25.413,47.382,3332.8,22.675,66.6,-1.8738,37.101,61.138,0.56151,0.56151
24.976,45.912,3331.7,22.822,66.647,-0.27649,37.088,61.021,0.56151,0.56151
25.351,48.412,3328,22.888,66.658,0.21546,37.077,60.972,0.56151,0.57368
25.293,49.77,3330.3,23.058,66.723,-0.92851,37.091,61.183,0.57368,0.57368
25.198,48.543,3327.5,22.899,66.766,0.094838,37.104,61.022,0.57368,0.55531
25.207,48.213,3326.9,22.888,66.79,2.0113,37.094,61.184,0.55531,0.55531
25.241,47.266,3328.2,22.923,66.827,0.38601,37.066,61.299,0.55531,0.55531
25.403,45.936,3332.6,22.783,66.802,-2.0914,37.07,61.407,0.55531,0.56783
25.3,47.07,3331.7,22.96,66.797,0.68202,37.045,61.425,0.56783,0.56783
25.173,46.934,3334.9,22.897,66.76,-1.7348,37.058,61.533,0.56783,0.5705
25.111,48.936,3334.8,22.989,66.749,0.14798,37.037,61.403,0.5705,0.5705
25.086,47.245,3333.4,22.762,66.745,-1.7513,37.052,61.361,0.5705,0.5705
25.167,47.627,3332.8,22.733,66.761,-1.3385,37.048,61.496,0.5705,0.54243
25.106,46.508,3332,22.898,66.747,0.98443,37.074,61.396,0.54243,0.54243
25.083,48.913,3331.7,22.959,66.778,-0.14215,37.066,61.469,0.54243,0.55704
25.205,45.686,3333.9,22.766,66.827,1.4819,37.054,61.625,0.55704,0.55704
25.007,46.952,3333.6,22.613,66.824,-0.33978,37.019,61.538,0.55704,0.55704
25.097,46.458,3332.4,22.759,66.85,-0.53732,37.031,61.594,0.55704,0.56005
25.129,46.518,3333.9,22.841,66.843,-0.9531,37.009,61.692,0.56005,0.56005
24.96,48.596,3334.4,22.79,66.855,-1.838,36.991,61.51,0.56005,0.55034
25.077,46.949,3333.8,22.883,66.828,-0.38687,36.954,61.518,0.55034,0.55034
25.033,47.013,3333.4,22.826,66.741,1.2116,36.968,61.312,0.55034,0.55034
25.062,48.586,3335.6,22.758,66.708,-2.0883,36.95,61.48,0.55034,0.54191
25.067,49.268,3335.6,22.925,66.681,0.57859,36.875,61.153,0.54191,0.54191
24.994,49.199,3338.1,22.873,66.56,0.9625,36.876,61.35,0.54191,0.5638
25.26,49.26,3340.1,22.825,66.509,1.4576,36.839,61.034,0.5638,0.5638
25.169,48.476,3341,23.035,66.423,-0.50143,36.77,61.168,0.5638,0.5638
24.972,48.124,3342.1,22.662,66.33,-0.88671,36.745,60.808,0.5638,0.57721
24.972,47.829,3342,22.869,66.284,-0.9445,36.742,60.663,0.57721,0.57721
24.888,47.318,3341.3,22.885,66.234,0.06341,36.712,60.597,0.57721,0.56781
24.963,47.559,3337.4,22.664,66.163,-0.43683,36.717,60.396,0.56781,0.56781
24.817,47.327,3334,22.923,66.145,0.66914,36.727,60.474,0.56781,0.56781
24.945,45.623,3331,22.919,66.107,-1.7497,36.687,60.351,0.56781,0.58705
24.542,44.704,3327.2,22.792,66.079,1.7443,36.667,60.024,0.58705,0.58705
24.721,44.738,3325.5,22.997,66.083,0.25349,36.688,60.03,0.58705,0.59359
25.102,46.071,3323.4,22.892,66.043,-0.328,36.699,60.083,0.59359,0.59359
24.771,44.705,3323.8,22.81,66.05,-0.61723,36.715,59.802,0.59359,0.59359
24.845,43.457,3322.7,22.731,65.996,0.96036,36.735,59.827,0.59359,0.60371
24.739,42.685,3323.3,22.95,66.011,2.5913,36.759,59.588,0.60371,0.60371
24.833,43.595,3325.2,22.738,65.959,0.79036,36.775,59.602,0.60371,0.60519
24.849,45.057,3324.6,22.59,65.899,0.74436,36.804,59.477,0.60519,0.60519
24.869,43.09,3324.8,22.832,65.838,0.46267,36.868,59.386,0.60519,0.60519
24.912,40.565,3324.1,22.604,65.825,0.73082,36.85,59.218,0.60519,0.62884
24.996,40.998,3323,22.803,65.771,0.20009,36.903,59.235,0.62884,0.62884
24.921,40.89,3323.1,22.951,65.707,-0.11776,36.985,59.085,0.62884,0.64929
25.008,42.159,3323.4,22.802,65.705,0.3585,37.027,59.023,0.64929,0.64929
25.049,40.415,3322.8,22.856,65.66,-1.1133,37.113,59.011,0.64929,0.64929
25.321,41.545,3322,22.809,65.647,1.9208,37.212,58.996,0.64929,0.63105
25.217,40.432,3320.4,22.702,65.621,-1.1996,37.267,58.968,0.63105,0.63105
25.176,41.799,3318.8,22.596,65.659,0.072554,37.36,58.789,0.63105,0.66815
25.242,40.84,3318,22.881,65.651,0.78516,37.462,58.804,0.66815,0.66815
25.476,41.37,3316.7,22.819,65.722,2.479,37.531,58.799,0.66815,0.66815
25.525,41.102,3314.9,22.579,65.709,0.060465,37.656,58.887,0.66815,0.64912
25.506,42.917,3315.9,22.895,65.821,0.81438,37.74,58.908,0.64912,0.64912
25.51,44.465,3315.8,22.612,65.912,-0.15996,37.823,58.866,0.64912,0.66126
25.545,44.045,3315.9,22.732,66.029,-3.2213,37.897,58.823,0.66126,0.66126
25.684,45.739,3317.8,22.889,66.097,1.0525,37.945,58.777,0.66126,0.66126
25.552,45.141,3317.6,22.701,66.205,2.2151,37.992,58.95,0.66126,0.64726
25.88,46.304,3320.2,22.885,66.337,-1.8665,38.045,59.113,0.64726,0.64726
25.842,46.265,3318.7,22.789,66.42,-0.25824,38.108,58.965,0.64726,0.63648
25.89,48.838,3321.1,22.747,66.537,-0.85356,38.141,59.233,0.63648,0.63648
25.935,50.233,3324.7,22.703,66.691,-0.39808,38.171,59.337,0.63648,0.63648
26.135,50.76,3325.4,22.874,66.876,0.20161,38.187,59.174,0.63648,0.62756
26.119,52.133,3329.8,23.095,67.104,-1.0747,38.191,59.491,0.62756,0.62756
26.023,53.391,3333.9,23.036,67.269,-0.40478,38.191,59.526,0.62756,0.60936
25.997,55.892,3336,22.77,67.436,-0.16595,38.169,59.66,0.60936,0.60936
26.044,55.922,3335.6,22.939,67.518,-0.018049,38.118,59.789,0.60936,0.60936
25.926,56.76,3335.4,22.774,67.615,1.0672,38.066,59.774,0.60936,0.59105
25.915,59.136,3335.3,22.958,67.664,-1.2044,37.957,59.858,0.59105,0.59105
25.462,59.856,3334.6,22.869,67.687,-0.91587,37.926,59.768,0.59105,0.57481
25.921,59.905,3336.4,22.881,67.7,-0.60619,37.861,59.877,0.57481,0.57481
25.534,61.489,3337,22.971,67.747,0.5585,37.786,59.926,0.57481,0.57481
25.733,60.943,3340.8,22.879,67.825,1.2103,37.757,60.106,0.57481,0.56732
25.577,61.986,3342.8,22.944,67.889,-1.4619,37.7,60.139,0.56732,0.56732
25.7,61.257,3343.1,23.028,67.963,-0.18773,37.656,60.394,0.56732,0.55553
25.785,62.294,3342.9,23.286,68.051,0.6963,37.604,60.581,0.55553,0.55553
25.504,62.921,3340.4,22.981,68.134,0.44806,37.554,60.499,0.55553,0.55553
25.658,61.641,3339.5,22.941,68.202,-0.88891,37.435,60.981,0.55553,0.54467
25.43,62.839,3335.1,22.888,68.293,0.35887,37.4,60.845,0.54467,0.54467
25.338,61.71,3331.3,22.868,68.328,-0.94007,37.33,60.909,0.54467,0.53012
25.44,63.406,3327.5,23.14,68.361,1.9625,37.249,61.111,0.53012,0.53012
25.556,61.857,3324.8,23.016,68.334,0.82531,37.151,61.169,0.53012,0.53012
25.233,61.298,3324.4,22.883,68.382,-0.2803,37.064,61.187,0.53012,0.51393
25.225,63.58,3322.9,23.037,68.271,1.167,36.974,61.139,0.51393,0.51393
25.175,61.845,3326.3,22.766,68.203,0.47001,36.915,61.465,0.51393,0.52956
25.264,62.069,3329.2,23.006,68.139,-0.47006,36.928,61.487,0.52956,0.52956
25.132,61.982,3333.4,23.216,68.073,1.4784,36.932,61.258,0.52956,0.52956
25.165,60.304,3338.4,23.212,68.047,0.66081,36.935,61.482,0.52956,0.50929
25.105,59.798,3341.4,23.098,68.018,1.1346,36.886,61.685,0.50929,0.50929
25.124,58.633,3345.6,23.098,67.99,-2.6782,36.91,61.889,0.50929,0.51455
24.928,56.59,3348.9,23.016,67.962,-1.0891,36.911,62.173,0.51455,0.51455
25.052,58.192,3347.6,23.045,67.988,0.88883,36.9,62.217,0.51455,0.51455
25.233,56.26,3345.7,23.036,68.034,-2.1702,36.913,62.459,0.51455,0.51067
25.236,55.125,3342.9,22.873,68.091,2.0787,36.882,62.656,0.51067,0.51067
25.094,55.718,3341.8,22.904,68.154,2.0996,36.848,62.691,0.51067,0.51228
25.042,54.639,3337.1,22.86,68.151,-0.22249,36.793,62.799,0.51228,0.51228
24.962,52.675,3332.2,23.114,68.195,-0.93191,36.727,62.951,0.51228,0.51228
24.913,55.025,3326.7,23.129,68.203,0.60853,36.695,62.779,0.51228,0.51311
24.917,55.578,3321.6,23.083,68.136,-0.86327,36.632,62.919,0.51311,0.51311
24.845,54.023,3319.7,23.122,68.083,0.45719,36.553,63.054,0.51311,0.5052
25.02,54.148,3319.1,22.892,67.931,1.6598,36.531,62.987,0.5052,0.5052
24.915,55.057,3319.6,23.094,67.778,0.30595,36.466,62.844,0.5052,0.5052
24.808,53.618,3322.4,22.895,67.589,-0.88129,36.459,62.783,0.5052,0.48543
24.769,53.562,3325.7,22.974,67.413,-1.4421,36.437,62.679,0.48543,0.48543
24.844,53.87,3330,22.921,67.195,0.040683,36.39,62.514,0.48543,0.5104
24.635,53.971,3334.9,22.86,67.007,-1.4598,36.463,62.428,0.5104,0.5104
24.83,51.859,3337.4,23.028,66.828,1.533,36.462,62.624,0.5104,0.5104
24.593,50.368,3340,22.827,66.644,-0.025902,36.517,62.47,0.5104,0.51592
24.621,51.809,3338.2,22.987,66.541,0.37654,36.564,62.224,0.51592,0.51592
24.854,49.046,3334.9,22.968,66.459,-0.55036,36.593,62.005,0.51592,0.52426
24.857,51.528,3333.5,22.713,66.389,1.0986,36.655,61.893,0.52426,0.52426
24.758,50.697,3334.3,22.962,66.335,-1.119,36.653,62.067,0.52426,0.52426
24.936,48.251,3334.3,22.877,66.281,0.90941,36.705,61.886,0.52426,0.53207
24.939,48.831,3335.3,23.003,66.229,2.1113,36.714,61.716,0.53207,0.53207
24.908,49.523,3337.2,22.867,66.112,-0.62467,36.732,61.663,0.53207,0.54022
25.057,47.841,3338.5,22.808,66.067,-0.57411,36.746,61.454,0.54022,0.54022
24.992,49.39,3339.3,22.859,66.011,1.1421,36.72,61.469,0.54022,0.54022
24.993,46.774,3341.2,22.919,65.903,-0.61902,36.76,61.32,0.54022,0.56363
24.734,47.712,3339.9,22.971,65.835,0.7795,36.776,61.14,0.56363,0.56363
24.993,46.274,3340.2,22.63,65.77,1.179,36.767,61.14,0.56363,0.58127
25.007,46.039,3338,22.854,65.717,-1.8109,36.741,60.798,0.58127,0.58127
24.995,45.449,3334.2,22.914,65.696,-0.15419,36.747,60.579,0.58127,0.58127
24.826,43.332,3331.3,22.88,65.663,-0.021204,36.792,60.474,0.58127,0.59885
24.905,43.224,3328.4,22.679,65.615,-0.85128,36.777,60.361,0.59885,0.59885
24.93,42.894,3324.1,22.649,65.626,0.11439,36.798,60.224,0.59885,0.60294
24.864,43.324,3320.5,22.84,65.588,-0.28665,36.849,60.103,0.60294,0.60294
25.032,43.052,3316.8,22.775,65.523,0.56255,36.884,60.292,0.60294,0.60294
25.245,41.318,3314.7,22.698,65.521,0.45815,36.925,60.128,0.60294,0.63002
25.069,41.936,3310.6,22.781,65.519,-0.99436,36.963,59.944,0.63002,0.63002
24.9,39.367,3310.6,22.83,65.436,-0.086004,37.006,60.127,0.63002,0.63942
25.214,39.747,3312.9,22.649,65.404,1.6636,37.087,59.987,0.63942,0.63942
24.992,39.474,3317.9,22.757,65.397,-1.0229,37.139,59.953,0.63942,0.63942
25.392,39.458,3322.4,22.779,65.313,-1.6738,37.238,59.939,0.63942,0.64481
25.308,38.882,3327.9,22.921,65.243,0.050649,37.286,60.041,0.64481,0.64481
25.283,39.919,3331.1,22.803,65.168,3.1297,37.365,59.824,0.64481,0.66196
25.182,39.657,3331.9,22.769,65.057,-0.23312,37.46,59.758,0.66196,0.66196
25.156,39.912,3330.2,22.855,65.03,0.1684,37.512,59.477,0.66196,0.66196
25.574,39.678,3328,22.801,64.989,0.22911,37.553,59.426,0.66196,0.65477
25.267,41.34,3327.2,22.823,64.967,2.0455,37.684,59.657,0.65477,0.65477
25.599,41.176,3324.5,22.842,64.943,-2.1311,37.731,59.369,0.65477,0.68495
25.606,40.585,3321.5,22.757,64.938,0.47516,37.868,59.351,0.68495,0.68495
25.705,42.933,3319.1,22.861,64.998,-0.12984,37.959,59.374,0.68495,0.68495
25.715,41.749,3319.7,22.968,65.11,-1.8936,38.003,59.229,0.68495,0.69394
25.964,42.825,3321.1,22.635,65.157,-0.77758,38.086,59.323,0.69394,0.69394
25.766,42.671,3327.3,22.686,65.214,0.17905,38.103,59.54,0.69394,0.687
25.987,44.938,3332.2,22.837,65.253,0.40258,38.147,59.547,0.687,0.687
26.131,46.817,3334.5,22.753,65.309,-0.98128,38.162,59.42,0.687,0.687
25.899,47.052,3333.9,22.887,65.338,0.48714,38.187,59.326,0.687,0.69821
25.943,46.563,3333.3,22.841,65.378,-0.1906,38.236,59.047,0.69821,0.69821
25.746,47.751,3332,22.756,65.395,0.26253,38.184,59.152,0.69821,0.70616
26.109,49.756,3331,22.711,65.382,-0.68541,38.201,59.265,0.70616,0.70616
25.877,48.916,3330.2,22.959,65.44,0.58523,38.201,59.18,0.70616,0.70616
25.828,49.922,3330.7,22.858,65.485,0.56688,38.248,59.392,0.70616,0.6933
25.631,52.15,3327.7,22.851,65.578,-0.22405,38.221,59.172,0.6933,0.6933
25.851,51.573,3328.7,22.724,65.703,0.42797,38.229,59.354,0.6933,0.68337
25.801,52.24,3329.3,22.887,65.796,-1.8116,38.221,59.265,0.68337,0.68337
26.066,51.393,3330,22.947,65.88,2.2677,38.246,59.387,0.68337,0.68337
25.931,53.885,3333.9,23.026,65.995,0.99022,38.233,59.668,0.68337,0.68522
25.887,53.927,3335.9,22.881,66.102,-0.90118,38.27,59.571,0.68522,0.68522
25.933,54.411,3338.1,23.116,66.23,0.60286,38.222,59.776,0.68522,0.66428
25.803,56.136,3339.3,23.118,66.34,-0.6226,38.201,59.8,0.66428,0.66428
25.903,56.653,3340.7,23.155,66.433,-0.50395,38.172,59.969,0.66428,0.66428
26.034,57,3340.1,22.85,66.502,-0.68984,38.136,59.932,0.66428,0.65617
25.921,59.615,3339.9,23.1,66.564,-0.52848,38.076,59.876,0.65617,0.65617
26.048,58.554,3338.8,22.801,66.643,-1.0703,38.04,60.019,0.65617,0.63898
25.871,58.42,3341.1,22.837,66.728,0.47154,37.992,60.179,0.63898,0.63898
25.721,60.408,3340.2,22.966,66.858,0.32583,37.908,60.051,0.63898,0.63898
25.932,60.937,3340.4,22.761,66.943,0.28124,37.865,60.384,0.63898,0.61241
25.734,58.742,3341.4,23.077,67.03,0.69156,37.812,60.437,0.61241,0.61241
25.566,60.402,3341.6,23.041,67.154,-1.6971,37.74,60.59,0.61241,0.60174
25.718,58.97,3340.6,22.81,67.25,0.58032,37.672,60.96,0.60174,0.60174
25.452,59.7,3339.9,22.99,67.336,-0.15037,37.575,60.858,0.60174,0.60174
25.611,58.634,3335.9,22.989,67.44,-0.45259,37.478,60.971,0.60174,0.61558
25.493,59.207,3334,23.068,67.476,-2.1287,37.397,61.11,0.61558,0.61558
25.352,60.4,3331.6,22.819,67.488,-1.0306,37.294,61.07,0.61558,0.5875
25.521,59.103,3330,22.974,67.466,0.44893,37.197,61.382,0.5875,0.5875
25.315,59.058,3328.7,23.201,67.453,-0.78832,37.146,61.28,0.5875,0.5875
25.288,59.014,3327.9,22.986,67.404,-0.36937,37.045,61.37,0.5875,0.55971
25.166,57.815,3327.2,23.315,67.331,1.2992,37.005,61.441,0.55971,0.55971
25.149,55.895,3328.3,22.849,67.249,0.39649,36.969,61.403,0.55971,0.56691
24.986,55.479,3329.9,23.18,67.185,-0.055188,36.913,61.543,0.56691,0.56691
25.196,56.563,3328.2,23.121,67.14,-0.24665,36.866,61.274,0.56691,0.56691
25.037,55.866,3328.7,23.033,67.042,-0.78473,36.856,61.518,0.56691,0.55218
25.189,52.647,3330.3,23.001,66.942,0.096375,36.839,61.71,0.55218,0.55218
24.87,53.698,3330.2,23.057,66.887,0.55608,36.833,61.689,0.55218,0.57408
25.018,53.944,3331.6,22.979,66.769,-3.0907,36.858,61.65,0.57408,0.57408
24.956,52.633,3330.8,23.024,66.631,0.94662,36.852,61.836,0.57408,0.57408
24.862,53.449,3331.6,22.936,66.547,0.072985,36.853,61.624,0.57408,0.57405
25.163,51.296,3333.1,22.808,66.5,1.1104,36.86,61.627,0.57405,0.57405
25.206,51.244,3332.3,22.888,66.419,0.99258,36.845,61.442,0.57405,0.58264
24.99,52.192,3333.2,22.889,66.304,-0.30089,36.884,61.518,0.58264,0.58264
25.034,52.104,3336,22.858,66.266,0.49997,36.916,61.404,0.58264,0.58264
25.083,50.678,3336.1,22.946,66.197,1.0393,36.933,61.433,0.58264,0.57689
25.295,51.554,3337.6,22.865,66.056,0.82103,36.954,61.235,0.57689,0.57689
25.061,50.669,3340.7,22.832,66.019,0.84231,36.942,61.332,0.57689,0.5874
25.205,49.115,3340.9,22.797,65.923,0.51482,36.945,61.227,0.5874,0.5874
24.901,50.66,3340.5,23.123,65.871,1.232,36.965,60.929,0.5874,0.5874
24.988,49.55,3340.6,22.745,65.843,-0.031983,36.986,60.866,0.5874,0.58688
25.008,49.569,3339.6,22.885,65.787,-2.7575,37.02,60.925,0.58688,0.58688
25.231,48.603,3338.3,22.887,65.773,-0.40456,37.018,60.712,0.58688,0.59631
24.917,47.727,3335.8,22.983,65.755,0.37865,36.991,60.692,0.59631,0.59631
24.833,47.696,3331.2,22.813,65.753,0.57914,37.05,60.48,0.59631,0.59631
25.17,47.343,3327.5,22.875,65.749,1.3068,37.049,60.553,0.59631,0.61151
25.162,46.667,3323.1,22.597,65.816,0.17539,37.073,60.513,0.61151,0.61151
25.103,46.047,3322.2,22.905,65.863,-1.4565,37.097,60.684,0.61151,0.61405
25.114,47.582,3319.6,22.713,65.903,0.83733,37.108,60.377,0.61405,0.61405
25.126,44.715,3322.2,22.993,65.958,0.578,37.131,60.606,0.61405,0.61405
25.341,43.698,3325.3,22.843,65.983,-1.8912,37.136,60.547,0.61405,0.60821
25.17,45.683,3326.5,22.596,66.004,0.00054859,37.154,60.405,0.60821,0.60821
25.264,45.555,3329.3,22.939,65.956,-1.0874,37.139,60.583,0.60821,0.60706
25.227,46.69,3332.6,22.975,65.95,-1.3799,37.151,60.389,0.60706,0.60706
25.365,43.396,3335.4,22.855,65.917,-0.6092,37.17,60.431,0.60706,0.60706
25.217,45.557,3338.4,22.887,65.871,1.1842,37.166,60.288,0.60706,0.6085
25.194,45.732,3341.2,22.7,65.804,-0.22169,37.169,60.332,0.6085,0.6085
25.114,44.273,3343.7,22.951,65.739,1.7196,37.158,60.236,0.6085,0.62497
25.397,45.364,3344.8,22.81,65.728,-0.81051,37.17,60.058,0.62497,0.62497
25.075,45.73,3345,22.789,65.706,0.11751,37.185,59.938,0.62497,0.62497
25.204,47.406,3343.2,23.08,65.696,-1.2862,37.146,59.717,0.62497,0.62008
25.175,46.449,3341.4,22.899,65.715,0.92534,37.138,59.523,0.62008,0.62008
25.057,44.448,3339.5,22.82,65.72,0.81718,37.093,59.638,0.62008,0.63029
24.895,45.544,3338.2,22.951,65.701,0.014618,37.079,59.533,0.63029,0.63029
24.952,46.079,3335.3,22.886,65.697,1.0844,37.029,59.251,0.63029,0.63029
25.151,45.046,3333.3,22.876,65.643,0.63216,37.029,59.204,0.63029,0.63737
25.115,44.452,3328.9,22.705,65.703,0.94619,37.023,59.017,0.63737,0.63737
25.364,43.436,3326.6,22.745,65.732,0.69503,37.026,59.097,0.63737,0.66027
25.105,43.331,3321,22.71,65.772,0.31144,37.034,58.782,0.66027,0.66027
25.088,44.377,3315.3,22.639,65.804,1.6346,37.027,58.738,0.66027,0.66027
24.853,42.432,3311.1,22.951,65.832,0.23057,37.058,58.843,0.66027,0.65552
25.06,41.48,3307.5,22.652,65.827,-0.18886,37.094,58.793,0.65552,0.65552
25.072,43.463,3306.4,22.647,65.839,-0.72079,37.16,58.842,0.65552,0.65598
25.449,42.778,3306.6,22.987,65.874,1.4244,37.224,58.833,0.65598,0.65598
25.308,39.941,3307.8,22.733,65.902,2.7109,37.274,58.838,0.65598,0.65598
25.278,41.276,3309.7,22.85,65.905,-1.0473,37.363,58.862,0.65598,0.65588
25.354,38.87,3309.8,22.83,65.944,0.55852,37.402,58.804,0.65588,0.65588
25.652,41.95,3312.5,22.717,65.98,1.157,37.533,58.943,0.65588,0.64491
25.467,41.286,3313.8,22.719,66.024,-1.3178,37.592,58.978,0.64491,0.64491
25.549,40.813,3316.8,22.747,66.11,-0.024731,37.707,59.234,0.64491,0.64491
25.507,42.223,3319.8,22.937,66.213,-0.024791,37.772,59.135,0.64491,0.64504
25.575,43.262,3322.9,22.748,66.323,1.6242,37.819,59.219,0.64504,0.64504
25.695,42.855,3327.5,22.722,66.43,-1.1635,37.884,59.283,0.64504,0.63527
25.651,44.234,3328.2,22.875,66.506,0.33754,37.886,59.436,0.63527,0.63527
25.692,46.81,3331,22.83,66.588,-0.51513,37.874,59.509,0.63527,0.63527
25.648,48.102,3333.6,22.875,66.64,0.092398,37.927,59.452,0.63527,0.61998
25.823,49.226,3337.6,22.951,66.74,1.9527,37.915,59.632,0.61998,0.61998
25.658,49.208,3337.6,22.931,66.757,0.35961,37.891,59.514,0.61998,0.62782
25.47,51.815,3337.6,22.715,66.841,0.82471,37.853,59.585,0.62782,0.62782
25.755,51.923,3336.6,23.112,66.855,1.3969,37.859,59.619,0.62782,0.62782
25.689,52.221,3335.3,22.875,66.947,0.043597,37.857,59.496,0.62782,0.59383
25.54,53.495,3334,22.76,67.041,1.6089,37.844,59.506,0.59383,0.59383
25.845,52.04,3334.2,22.913,67.137,-1.1231,37.838,59.689,0.59383,0.59775
25.672,54.463,3336.4,22.915,67.269,0.035671,37.831,59.712,0.59775,0.59775
25.742,55.347,3334.5,22.986,67.374,1.5144,37.804,59.712,0.59775,0.59775
25.876,55.402,3336.7,22.96,67.523,0.56445,37.758,59.973,0.59775,0.55673
25.757,55.524,3338.4,22.923,67.601,-0.95812,37.736,60.239,0.55673,0.55673
25.558,57.668,3338.5,22.992,67.754,1.7852,37.724,59.992,0.55673,0.56982
25.8,56.741,3337.6,22.832,67.87,0.66357,37.61,60.142,0.56982,0.56982
25.615,57.486,3338.4,22.986,67.964,2.5584,37.574,60.501,0.56982,0.56982
25.646,57.252,3339.3,23.058,68.069,1.2413,37.516,60.397,0.56982,0.56015
25.387,59.008,3339.8,23.178,68.172,-0.90846,37.468,60.666,0.56015,0.56015
25.604,59.396,3336.8,22.729,68.22,3.4066,37.417,60.553,0.56015,0.55865
25.478,57.277,3336,23.095,68.33,0.87642,37.324,60.847,0.55865,0.55865
25.539,57.666,3335.4,22.903,68.37,1.3398,37.228,60.845,0.55865,0.55865
25.319,59.643,3334.5,23.087,68.39,-1.7259,37.204,61.002,0.55865,0.51387
25.237,61.335,3334.3,22.977,68.452,1.3165,37.157,61.162,0.51387,0.51387
25.525,58.216,3333.8,23.133,68.535,1.9616,37.05,61.2,0.51387,0.51661
25.305,56.962,3335.1,23.01,68.53,-1.6947,37.004,61.417,0.51661,0.51661
25.126,56.858,3333.6,22.92,68.543,-0.87005,36.915,61.649,0.51661,0.51661
25.127,56.174,3331.3,22.936,68.552,-0.76153,36.846,61.57,0.51661,0.50952
25.005,56.849,3329,22.923,68.553,-0.64751,36.802,61.729,0.50952,0.50952
25.127,55.684,3327,22.961,68.527,-2.8302,36.797,61.693,0.50952,0.51029
